"date","total","influenza_a","influenza_b"
2014-03-01,382,100,282
2014-03-02,174,52,122
2014-03-03,436,114,322
2014-03-04,353,77,276
2014-03-05,248,54,194
2014-03-06,243,47,196
2014-03-07,250,58,192
2014-03-08,254,40,214
2014-03-09,105,27,78
2014-03-10,394,85,309
2014-03-11,293,51,242
2014-03-12,272,43,229
2014-03-13,195,28,167
2014-03-14,251,36,215
2014-03-15,212,37,175
2014-03-16,97,14,83
2014-03-17,367,47,320
2014-03-18,247,42,205
2014-03-19,187,27,160
2014-03-20,169,28,141
2014-03-21,58,11,47
2014-03-22,186,28,158
2014-03-23,50,9,41
2014-03-24,222,39,183
2014-03-25,129,23,106
2014-03-26,132,16,116
2014-03-27,126,29,97
2014-03-28,90,16,74
2014-03-29,96,18,78
2014-03-30,44,10,34
2014-03-31,122,27,95
2014-04-01,76,23,53
2014-04-02,63,9,54
2014-04-03,55,7,48
2014-04-04,65,8,57
2014-04-05,51,9,42
2014-04-06,22,5,17
2014-04-07,75,8,67
2014-04-08,56,5,51
2014-04-09,34,4,30
2014-04-10,45,8,37
2014-04-11,31,4,27
2014-04-12,49,7,42
2014-04-13,20,4,16
2014-04-14,52,6,46
2014-04-15,43,1,42
2014-04-16,40,2,38
2014-04-17,36,5,31
2014-04-18,35,9,26
2014-04-19,35,10,25
2014-04-20,11,1,10
2014-04-21,37,4,33
2014-04-22,33,1,32
2014-04-23,30,4,26
2014-04-24,23,6,17
2014-04-25,25,5,20
2014-04-26,21,5,16
2014-04-27,11,0,11
2014-04-28,25,4,21
2014-04-29,5,0,5
2014-04-30,21,6,15
2014-05-01,13,1,12
2014-05-02,22,6,16
2014-05-03,3,0,3
2014-05-04,10,1,9
2014-05-05,6,0,6
2014-05-06,1,1,0
2014-05-07,6,0,6
2014-05-08,4,0,4
2014-05-09,11,6,5
2014-05-10,4,2,2
2014-05-11,0,0,0
2014-05-12,6,0,6
2014-05-13,0,0,0
2014-05-14,2,1,1
2014-05-15,1,1,0
2014-05-16,2,0,2
2014-05-17,0,0,0
2014-05-18,0,0,0
2014-05-19,3,1,2
2014-05-20,1,0,1
2014-05-21,2,0,2
2014-05-22,1,1,0
2014-05-23,0,0,0
2014-05-24,1,1,0
2014-05-25,0,0,0
2014-05-26,0,0,0
2014-05-27,1,0,1
2014-05-28,0,0,0
2014-05-29,0,0,0
2014-05-30,0,0,0
2014-05-31,1,1,0
2014-06-01,0,0,0
2014-06-02,0,0,0
2014-06-03,1,1,0
2014-06-04,1,0,1
2014-06-05,1,1,0
2014-06-06,0,0,0
2014-06-07,0,0,0
2014-06-08,1,1,0
2014-06-09,0,0,0
2014-06-10,0,0,0
2014-06-11,0,0,0
2014-06-12,0,0,0
2014-06-13,1,1,0
2014-06-14,0,0,0
2014-06-15,1,1,0
2014-06-16,2,2,0
2014-06-17,0,0,0
2014-06-18,0,0,0
2014-06-19,1,1,0
2014-06-20,0,0,0
2014-06-21,0,0,0
2014-06-22,1,1,0
2014-06-23,0,0,0
2014-06-24,0,0,0
2014-06-25,0,0,0
2014-06-26,0,0,0
2014-06-27,0,0,0
2014-06-28,0,0,0
2014-06-29,0,0,0
2014-06-30,0,0,0
2014-07-01,1,0,1
2014-07-02,0,0,0
2014-07-03,0,0,0
2014-07-04,0,0,0
2014-07-05,0,0,0
2014-07-06,0,0,0
2014-07-07,0,0,0
2014-07-08,0,0,0
2014-07-09,0,0,0
2014-07-10,0,0,0
2014-07-11,0,0,0
2014-07-12,0,0,0
2014-07-13,0,0,0
2014-07-14,0,0,0
2014-07-15,1,1,0
2014-07-16,0,0,0
2014-07-17,0,0,0
2014-07-18,0,0,0
2014-07-19,0,0,0
2014-07-20,0,0,0
2014-07-21,0,0,0
2014-07-22,0,0,0
2014-07-23,0,0,0
2014-07-24,1,1,0
2014-07-25,0,0,0
2014-07-26,0,0,0
2014-07-27,0,0,0
2014-07-28,0,0,0
2014-07-29,1,1,0
2014-07-30,0,0,0
2014-07-31,0,0,0
2014-08-01,2,2,0
2014-08-02,0,0,0
2014-08-03,0,0,0
2014-08-04,0,0,0
2014-08-05,0,0,0
2014-08-06,0,0,0
2014-08-07,0,0,0
2014-08-08,0,0,0
2014-08-09,0,0,0
2014-08-10,0,0,0
2014-08-11,0,0,0
2014-08-12,0,0,0
2014-08-13,0,0,0
2014-08-14,0,0,0
2014-08-15,0,0,0
2014-08-16,0,0,0
2014-08-17,0,0,0
2014-08-18,0,0,0
2014-08-19,0,0,0
2014-08-20,0,0,0
2014-08-21,0,0,0
2014-08-22,0,0,0
2014-08-23,0,0,0
2014-08-24,0,0,0
2014-08-25,0,0,0
2014-08-26,1,1,0
2014-08-27,0,0,0
2014-08-28,2,2,0
2014-08-29,0,0,0
2014-08-30,1,1,0
2014-08-31,0,0,0
2014-09-01,0,0,0
2014-09-02,0,0,0
2014-09-03,0,0,0
2014-09-04,0,0,0
2014-09-05,0,0,0
2014-09-06,0,0,0
2014-09-07,0,0,0
2014-09-08,0,0,0
2014-09-09,1,1,0
2014-09-10,0,0,0
2014-09-11,0,0,0
2014-09-12,2,2,0
2014-09-13,0,0,0
2014-09-14,1,1,0
2014-09-15,0,0,0
2014-09-16,1,1,0
2014-09-17,1,1,0
2014-09-18,0,0,0
2014-09-19,1,1,0
2014-09-20,0,0,0
2014-09-21,0,0,0
2014-09-22,0,0,0
2014-09-23,2,2,0
2014-09-24,0,0,0
2014-09-25,1,1,0
2014-09-26,0,0,0
2014-09-27,0,0,0
2014-09-28,0,0,0
2014-09-29,0,0,0
2014-09-30,1,1,0
2014-10-01,3,3,0
2014-10-02,1,0,1
2014-10-03,0,0,0
2014-10-04,2,2,0
2014-10-05,2,2,0
2014-10-06,1,1,0
2014-10-07,0,0,0
2014-10-08,1,1,0
2014-10-09,0,0,0
2014-10-10,3,2,1
2014-10-11,2,1,1
2014-10-12,1,0,1
2014-10-13,1,1,0
2014-10-14,2,2,0
2014-10-15,1,1,0
2014-10-16,0,0,0
2014-10-17,1,1,0
2014-10-18,1,1,0
2014-10-19,0,0,0
2014-10-20,1,1,0
2014-10-21,0,0,0
2014-10-22,0,0,0
2014-10-23,1,1,0
2014-10-24,2,2,0
2014-10-25,1,1,0
2014-10-26,0,0,0
2014-10-27,2,2,0
2014-10-28,3,3,0
2014-10-29,0,0,0
2014-10-30,2,2,0
2014-10-31,2,2,0
2014-11-01,1,1,0
2014-11-02,2,2,0
2014-11-03,3,3,0
2014-11-04,12,11,1
2014-11-05,8,7,1
2014-11-06,6,6,0
2014-11-07,10,10,0
2014-11-08,11,10,1
2014-11-09,1,1,0
2014-11-10,18,17,1
2014-11-11,9,8,1
2014-11-12,23,21,2
2014-11-13,10,10,0
2014-11-14,14,14,0
2014-11-15,15,14,1
2014-11-16,5,5,0
2014-11-17,56,55,1
2014-11-18,40,39,1
2014-11-19,33,31,2
2014-11-20,40,40,0
2014-11-21,67,67,0
2014-11-22,89,88,1
2014-11-23,26,26,0
2014-11-24,23,23,0
2014-11-25,107,106,1
2014-11-26,70,69,1
2014-11-27,62,60,2
2014-11-28,83,80,3
2014-11-29,88,85,3
2014-11-30,31,30,1
2014-12-01,183,181,2
2014-12-02,111,108,3
2014-12-03,110,107,3
2014-12-04,79,78,1
2014-12-05,129,129,0
2014-12-06,114,112,2
2014-12-07,70,70,0
2014-12-08,240,236,4
2014-12-09,157,155,2
2014-12-10,179,172,7
2014-12-11,145,145,0
2014-12-12,206,203,3
2014-12-13,231,231,0
2014-12-14,84,84,0
2014-12-15,345,341,4
2014-12-16,284,282,2
2014-12-17,319,317,2
2014-12-18,285,284,1
2014-12-19,414,413,1
2014-12-20,413,410,3
2014-12-21,248,247,1
2014-12-22,776,770,6
2014-12-23,183,183,0
2014-12-24,789,786,3
2014-12-25,486,484,2
2014-12-26,628,623,5
2014-12-27,540,536,4
2014-12-28,334,332,2
2014-12-29,683,679,4
2014-12-30,397,395,2
2014-12-31,395,395,0
2015-01-01,313,310,3
2015-01-02,311,307,4
2015-01-03,298,294,4
2015-01-04,302,299,3
2015-01-05,713,710,3
2015-01-06,548,542,6
2015-01-07,525,522,3
2015-01-08,472,465,7
2015-01-09,478,473,5
2015-01-10,375,369,6
2015-01-11,248,247,1
2015-01-12,155,153,2
2015-01-13,642,634,8
2015-01-14,410,407,3
2015-01-15,342,338,4
2015-01-16,446,442,4
2015-01-17,377,369,8
2015-01-18,166,160,6
2015-01-19,589,577,12
2015-01-20,363,360,3
2015-01-21,316,312,4
2015-01-22,312,308,4
2015-01-23,378,375,3
2015-01-24,324,319,5
2015-01-25,198,196,2
2015-01-26,529,518,11
2015-01-27,337,332,5
2015-01-28,270,265,5
2015-01-29,225,222,3
2015-01-30,203,199,4
2015-01-31,181,176,5
2015-02-01,86,85,1
2015-02-02,344,334,10
2015-02-03,178,168,10
2015-02-04,178,168,10
2015-02-05,114,111,3
2015-02-06,181,172,9
2015-02-07,134,126,8
2015-02-08,73,71,2
2015-02-09,216,202,14
2015-02-10,176,161,15
2015-02-11,46,45,1
2015-02-12,136,124,12
2015-02-13,94,88,6
2015-02-14,83,78,5
2015-02-15,66,56,10
2015-02-16,135,117,18
2015-02-17,70,64,6
2015-02-18,60,51,9
2015-02-19,53,46,7
2015-02-20,64,52,12
2015-02-21,54,47,7
2015-02-22,36,31,5
2015-02-23,85,68,17
2015-02-24,61,46,15
2015-02-25,62,49,13
2015-02-26,32,22,10
2015-02-27,55,45,10
2015-02-28,46,40,6
2015-03-01,27,23,4
2015-03-02,59,48,11
2015-03-03,43,28,15
2015-03-04,57,39,18
2015-03-05,46,36,10
2015-03-06,40,26,14
2015-03-07,26,14,12
2015-03-08,21,13,8
2015-03-09,65,32,33
2015-03-10,41,21,20
2015-03-11,43,18,25
2015-03-12,15,9,6
2015-03-13,53,17,36
2015-03-14,30,13,17
2015-03-15,19,8,11
2015-03-16,62,35,27
2015-03-17,50,23,27
2015-03-18,35,9,26
2015-03-19,42,12,30
2015-03-20,41,15,26
2015-03-21,14,2,12
2015-03-22,16,4,12
2015-03-23,36,8,28
2015-03-24,29,7,22
2015-03-25,23,4,19
2015-03-26,18,2,16
2015-03-27,32,9,23
2015-03-28,17,4,13
2015-03-29,11,3,8
2015-03-30,38,7,31
2015-03-31,26,5,21
2015-04-01,40,7,33
2015-04-02,8,2,6
2015-04-03,18,5,13
2015-04-04,18,5,13
2015-04-05,11,4,7
2015-04-06,31,8,23
2015-04-07,14,4,10
2015-04-08,10,1,9
2015-04-09,12,1,11
2015-04-10,24,2,22
2015-04-11,20,2,18
2015-04-12,10,1,9
2015-04-13,50,1,49
2015-04-14,24,2,22
2015-04-15,27,3,24
2015-04-16,29,4,25
2015-04-17,26,1,25
2015-04-18,23,0,23
2015-04-19,8,0,8
2015-04-20,31,3,28
2015-04-21,38,3,35
2015-04-22,22,2,20
2015-04-23,14,4,10
2015-04-24,13,0,13
2015-04-25,16,2,14
2015-04-26,8,0,8
2015-04-27,26,5,21
2015-04-28,17,1,16
2015-04-29,5,0,5
2015-04-30,6,0,6
2015-05-01,9,2,7
2015-05-02,5,0,5
2015-05-03,3,0,3
2015-05-04,2,1,1
2015-05-05,7,2,5
2015-05-06,3,1,2
2015-05-07,9,1,8
2015-05-08,4,1,3
2015-05-09,4,1,3
2015-05-10,1,1,0
2015-05-11,2,1,1
2015-05-12,2,0,2
2015-05-13,2,1,1
2015-05-14,3,1,2
2015-05-15,1,0,1
2015-05-16,2,0,2
2015-05-17,1,0,1
2015-05-18,3,0,3
2015-05-19,1,0,1
2015-05-20,4,3,1
2015-05-21,1,0,1
2015-05-22,5,2,3
2015-05-23,0,0,0
2015-05-24,0,0,0
2015-05-25,2,2,0
2015-05-26,0,0,0
2015-05-27,2,0,2
2015-05-28,3,1,2
2015-05-29,0,0,0
2015-05-30,0,0,0
2015-05-31,0,0,0
2015-06-01,2,0,2
2015-06-02,1,0,1
2015-06-03,0,0,0
2015-06-04,0,0,0
2015-06-05,0,0,0
2015-06-06,0,0,0
2015-06-07,0,0,0
2015-06-08,0,0,0
2015-06-09,0,0,0
2015-06-10,0,0,0
2015-06-11,0,0,0
2015-06-12,0,0,0
2015-06-13,0,0,0
2015-06-14,2,1,1
2015-06-15,4,1,3
2015-06-16,1,0,1
2015-06-17,1,1,0
2015-06-18,1,0,1
2015-06-19,3,2,1
2015-06-20,0,0,0
2015-06-21,1,1,0
2015-06-22,4,4,0
2015-06-23,3,2,1
2015-06-24,1,1,0
2015-06-25,1,1,0
2015-06-26,0,0,0
2015-06-27,0,0,0
2015-06-28,1,0,1
2015-06-29,2,1,1
2015-06-30,0,0,0
2015-07-01,2,0,2
2015-07-02,0,0,0
2015-07-03,0,0,0
2015-07-04,1,1,0
2015-07-05,0,0,0
2015-07-06,0,0,0
2015-07-07,0,0,0
2015-07-08,0,0,0
2015-07-09,0,0,0
2015-07-10,0,0,0
2015-07-11,0,0,0
2015-07-12,0,0,0
2015-07-13,2,2,0
2015-07-14,1,0,1
2015-07-15,2,2,0
2015-07-16,0,0,0
2015-07-17,1,0,1
2015-07-18,0,0,0
2015-07-19,0,0,0
2015-07-20,0,0,0
2015-07-21,1,1,0
2015-07-22,2,2,0
2015-07-23,0,0,0
2015-07-24,1,0,1
2015-07-25,1,0,1
2015-07-26,0,0,0
2015-07-27,0,0,0
2015-07-28,0,0,0
2015-07-29,2,2,0
2015-07-30,0,0,0
2015-07-31,0,0,0
2015-08-01,0,0,0
2015-08-02,0,0,0
2015-08-03,0,0,0
2015-08-04,0,0,0
2015-08-05,0,0,0
2015-08-06,2,2,0
2015-08-07,0,0,0
2015-08-08,0,0,0
2015-08-09,0,0,0
2015-08-10,1,0,1
2015-08-11,2,2,0
2015-08-12,0,0,0
2015-08-13,4,3,1
2015-08-14,0,0,0
2015-08-15,0,0,0
2015-08-16,0,0,0
2015-08-17,1,0,1
2015-08-18,0,0,0
2015-08-19,0,0,0
2015-08-20,0,0,0
2015-08-21,1,1,0
2015-08-22,0,0,0
2015-08-23,0,0,0
2015-08-24,0,0,0
2015-08-25,0,0,0
2015-08-26,0,0,0
2015-08-27,1,1,0
2015-08-28,0,0,0
2015-08-29,1,1,0
2015-08-30,0,0,0
2015-08-31,1,0,1
2015-09-01,1,1,0
2015-09-02,0,0,0
2015-09-03,0,0,0
2015-09-04,0,0,0
2015-09-05,0,0,0
2015-09-06,0,0,0
2015-09-07,0,0,0
2015-09-08,0,0,0
2015-09-09,1,1,0
2015-09-10,0,0,0
2015-09-11,1,1,0
2015-09-12,0,0,0
2015-09-13,0,0,0
2015-09-14,0,0,0
2015-09-15,0,0,0
2015-09-16,0,0,0
2015-09-17,0,0,0
2015-09-18,0,0,0
2015-09-19,0,0,0
2015-09-20,0,0,0
2015-09-21,0,0,0
2015-09-22,0,0,0
2015-09-23,0,0,0
2015-09-24,1,1,0
2015-09-25,0,0,0
2015-09-26,0,0,0
2015-09-27,0,0,0
2015-09-28,0,0,0
2015-09-29,0,0,0
2015-09-30,0,0,0
2015-10-01,0,0,0
2015-10-02,3,3,0
2015-10-03,0,0,0
2015-10-04,2,2,0
2015-10-05,0,0,0
2015-10-06,1,1,0
2015-10-07,0,0,0
2015-10-08,0,0,0
2015-10-09,1,1,0
2015-10-10,1,0,1
2015-10-11,1,1,0
2015-10-12,0,0,0
2015-10-13,2,2,0
2015-10-14,0,0,0
2015-10-15,2,1,1
2015-10-16,2,1,1
2015-10-17,0,0,0
2015-10-18,1,0,1
2015-10-19,2,2,0
2015-10-20,0,0,0
2015-10-21,3,3,0
2015-10-22,1,1,0
2015-10-23,0,0,0
2015-10-24,1,1,0
2015-10-25,2,2,0
2015-10-26,2,1,1
2015-10-27,2,2,0
2015-10-28,1,1,0
2015-10-29,0,0,0
2015-10-30,1,1,0
2015-10-31,2,2,0
2015-11-01,1,1,0
2015-11-02,3,3,0
2015-11-03,0,0,0
2015-11-04,2,2,0
2015-11-05,1,1,0
2015-11-06,3,3,0
2015-11-07,5,4,1
2015-11-08,5,4,1
2015-11-09,3,2,1
2015-11-10,3,2,1
2015-11-11,2,2,0
2015-11-12,3,3,0
2015-11-13,7,6,1
2015-11-14,1,1,0
2015-11-15,2,2,0
2015-11-16,3,3,0
2015-11-17,3,2,1
2015-11-18,0,0,0
2015-11-19,0,0,0
2015-11-20,1,1,0
2015-11-21,2,2,0
2015-11-22,1,1,0
2015-11-23,3,3,0
2015-11-24,7,6,1
2015-11-25,2,2,0
2015-11-26,2,2,0
2015-11-27,2,1,1
2015-11-28,1,1,0
2015-11-29,0,0,0
2015-11-30,5,5,0
2015-12-01,3,3,0
2015-12-02,1,1,0
2015-12-03,3,2,1
2015-12-04,4,4,0
2015-12-05,1,1,0
2015-12-06,3,2,1
2015-12-07,19,10,9
2015-12-08,12,9,3
2015-12-09,11,2,9
2015-12-10,8,7,1
2015-12-11,15,10,5
2015-12-12,18,12,6
2015-12-13,7,6,1
2015-12-14,22,19,3
2015-12-15,17,12,5
2015-12-16,16,15,1
2015-12-17,15,15,0
2015-12-18,19,18,1
2015-12-19,10,9,1
2015-12-20,10,9,1
2015-12-21,35,26,9
2015-12-22,26,26,0
2015-12-23,6,5,1
2015-12-24,33,29,4
2015-12-25,31,25,6
2015-12-26,22,20,2
2015-12-27,16,15,1
2015-12-28,39,27,12
2015-12-29,29,26,3
2015-12-30,12,8,4
2015-12-31,16,14,2
2016-01-01,16,12,4
2016-01-02,14,11,3
2016-01-03,17,13,4
2016-01-04,49,36,13
2016-01-05,43,33,10
2016-01-06,40,20,20
2016-01-07,37,31,6
2016-01-08,53,45,8
2016-01-09,45,34,11
2016-01-10,33,28,5
2016-01-11,29,23,6
2016-01-12,106,86,20
2016-01-13,73,56,17
2016-01-14,75,57,18
2016-01-15,79,55,24
2016-01-16,127,91,36
2016-01-17,65,55,10
2016-01-18,212,164,48
2016-01-19,222,178,44
2016-01-20,186,131,55
2016-01-21,192,153,39
2016-01-22,293,234,59
2016-01-23,259,212,47
2016-01-24,184,156,28
2016-01-25,661,519,142
2016-01-26,456,345,111
2016-01-27,422,314,108
2016-01-28,459,366,93
2016-01-29,567,442,125
2016-01-30,555,430,125
2016-01-31,308,244,64
2016-02-01,1056,793,263
2016-02-02,711,526,185
2016-02-03,621,480,141
2016-02-04,617,469,148
2016-02-05,744,549,195
2016-02-06,672,496,176
2016-02-07,374,305,69
2016-02-08,1084,791,293
2016-02-09,736,534,202
2016-02-10,681,476,205
2016-02-11,162,116,46
2016-02-12,777,524,253
2016-02-13,576,398,178
2016-02-14,272,173,99
2016-02-15,887,541,346
2016-02-16,553,340,213
2016-02-17,430,252,178
2016-02-18,382,185,197
2016-02-19,425,211,214
2016-02-20,366,203,163
2016-02-21,159,87,72
2016-02-22,595,297,298
2016-02-23,372,182,190
2016-02-24,360,164,196
2016-02-25,287,124,163
2016-02-26,359,166,193
2016-02-27,269,115,154
2016-02-28,184,81,103
2016-02-29,578,243,335
2016-03-01,353,128,225
2016-03-02,309,103,206
2016-03-03,284,92,192
2016-03-04,325,105,220
2016-03-05,233,79,154
2016-03-06,156,58,98
2016-03-07,455,114,341
2016-03-08,275,52,223
2016-03-09,261,46,215
2016-03-10,182,34,148
2016-03-11,201,38,163
2016-03-12,138,25,113
2016-03-13,70,10,60
2016-03-14,227,41,186
2016-03-15,163,38,125
2016-03-16,169,30,139
2016-03-17,165,35,130
2016-03-18,161,44,117
2016-03-19,138,28,110
2016-03-20,113,23,90
2016-03-21,61,7,54
2016-03-22,251,52,199
2016-03-23,135,21,114
2016-03-24,109,26,83
2016-03-25,100,12,88
2016-03-26,92,16,76
2016-03-27,63,12,51
2016-03-28,152,19,133
2016-03-29,116,21,95
2016-03-30,112,12,100
2016-03-31,86,11,75
2016-04-01,90,19,71
2016-04-02,69,10,59
2016-04-03,41,9,32
2016-04-04,136,18,118
2016-04-05,63,14,49
2016-04-06,68,5,63
2016-04-07,54,7,47
2016-04-08,46,3,43
2016-04-09,47,11,36
2016-04-10,25,2,23
2016-04-11,51,13,38
2016-04-12,41,7,34
2016-04-13,55,3,52
2016-04-14,30,8,22
2016-04-15,41,8,33
2016-04-16,26,1,25
2016-04-17,17,3,14
2016-04-18,63,10,53
2016-04-19,55,6,49
2016-04-20,34,3,31
2016-04-21,33,7,26
2016-04-22,31,5,26
2016-04-23,22,0,22
2016-04-24,9,0,9
2016-04-25,29,4,25
2016-04-26,31,3,28
2016-04-27,16,1,15
2016-04-28,8,2,6
2016-04-29,3,0,3
2016-04-30,12,2,10
2016-05-01,4,0,4
2016-05-02,18,1,17
2016-05-03,10,2,8
2016-05-04,5,4,1
2016-05-05,6,3,3
2016-05-06,11,2,9
2016-05-07,4,2,2
2016-05-08,2,0,2
2016-05-09,5,1,4
2016-05-10,3,0,3
2016-05-11,4,1,3
2016-05-12,3,0,3
2016-05-13,1,0,1
2016-05-14,1,0,1
2016-05-15,0,0,0
2016-05-16,0,0,0
2016-05-17,3,0,3
2016-05-18,1,0,1
2016-05-19,2,0,2
2016-05-20,2,0,2
2016-05-21,0,0,0
2016-05-22,3,1,2
2016-05-23,3,1,2
2016-05-24,2,1,1
2016-05-25,1,0,1
2016-05-26,2,1,1
2016-05-27,1,1,0
2016-05-28,1,0,1
2016-05-29,5,3,2
2016-05-30,1,0,1
2016-05-31,4,1,3
2016-06-01,1,0,1
2016-06-02,0,0,0
2016-06-03,0,0,0
2016-06-04,0,0,0
2016-06-05,2,1,1
2016-06-06,1,1,0
2016-06-07,0,0,0
2016-06-08,0,0,0
2016-06-09,1,1,0
2016-06-10,0,0,0
2016-06-11,0,0,0
2016-06-12,0,0,0
2016-06-13,0,0,0
2016-06-14,0,0,0
2016-06-15,0,0,0
2016-06-16,0,0,0
2016-06-17,0,0,0
2016-06-18,0,0,0
2016-06-19,0,0,0
2016-06-20,0,0,0
2016-06-21,0,0,0
2016-06-22,0,0,0
2016-06-23,0,0,0
2016-06-24,0,0,0
2016-06-25,0,0,0
2016-06-26,0,0,0
2016-06-27,0,0,0
2016-06-28,0,0,0
2016-06-29,0,0,0
2016-06-30,0,0,0
2016-07-01,1,1,0
2016-07-02,0,0,0
2016-07-03,0,0,0
2016-07-04,0,0,0
2016-07-05,0,0,0
2016-07-06,0,0,0
2016-07-07,1,1,0
2016-07-08,0,0,0
2016-07-09,0,0,0
2016-07-10,0,0,0
2016-07-11,1,1,0
2016-07-12,0,0,0
2016-07-13,0,0,0
2016-07-14,1,1,0
2016-07-15,0,0,0
2016-07-16,1,1,0
2016-07-17,0,0,0
2016-07-18,0,0,0
2016-07-19,0,0,0
2016-07-20,0,0,0
2016-07-21,0,0,0
2016-07-22,1,1,0
2016-07-23,0,0,0
2016-07-24,0,0,0
2016-07-25,0,0,0
2016-07-26,0,0,0
2016-07-27,0,0,0
2016-07-28,0,0,0
2016-07-29,2,2,0
2016-07-30,0,0,0
2016-07-31,0,0,0
2016-08-01,0,0,0
2016-08-02,0,0,0
2016-08-03,0,0,0
2016-08-04,0,0,0
2016-08-05,0,0,0
2016-08-06,0,0,0
2016-08-07,0,0,0
2016-08-08,0,0,0
2016-08-09,0,0,0
2016-08-10,1,1,0
2016-08-11,0,0,0
2016-08-12,2,2,0
2016-08-13,0,0,0
2016-08-14,1,1,0
2016-08-15,2,1,1
2016-08-16,0,0,0
2016-08-17,0,0,0
2016-08-18,2,2,0
2016-08-19,1,0,1
2016-08-20,0,0,0
2016-08-21,0,0,0
2016-08-22,1,1,0
2016-08-23,0,0,0
2016-08-24,1,1,0
2016-08-25,0,0,0
2016-08-26,0,0,0
2016-08-27,1,1,0
2016-08-28,0,0,0
2016-08-29,0,0,0
2016-08-30,1,1,0
2016-08-31,0,0,0
2016-09-01,4,4,0
2016-09-02,4,4,0
2016-09-03,7,7,0
2016-09-04,0,0,0
2016-09-05,1,1,0
2016-09-06,2,2,0
2016-09-07,0,0,0
2016-09-08,2,2,0
2016-09-09,3,3,0
2016-09-10,6,6,0
2016-09-11,3,3,0
2016-09-12,3,3,0
2016-09-13,4,4,0
2016-09-14,4,4,0
2016-09-15,3,3,0
2016-09-16,6,6,0
2016-09-17,4,4,0
2016-09-18,2,2,0
2016-09-19,3,3,0
2016-09-20,2,1,1
2016-09-21,4,4,0
2016-09-22,0,0,0
2016-09-23,5,3,2
2016-09-24,1,1,0
2016-09-25,1,1,0
2016-09-26,8,8,0
2016-09-27,3,3,0
2016-09-28,3,3,0
2016-09-29,4,4,0
2016-09-30,2,2,0
2016-10-01,1,1,0
2016-10-02,2,2,0
2016-10-03,2,2,0
2016-10-04,1,1,0
2016-10-05,2,2,0
2016-10-06,2,1,1
2016-10-07,5,4,1
2016-10-08,4,3,1
2016-10-09,1,1,0
2016-10-10,3,3,0
2016-10-11,3,3,0
2016-10-12,4,4,0
2016-10-13,2,2,0
2016-10-14,2,2,0
2016-10-15,5,5,0
2016-10-16,0,0,0
2016-10-17,5,5,0
2016-10-18,3,3,0
2016-10-19,6,6,0
2016-10-20,8,6,2
2016-10-21,8,8,0
2016-10-22,2,2,0
2016-10-23,7,7,0
2016-10-24,8,8,0
2016-10-25,4,4,0
2016-10-26,4,4,0
2016-10-27,3,3,0
2016-10-28,13,12,1
2016-10-29,5,5,0
2016-10-30,3,3,0
2016-10-31,9,9,0
2016-11-01,8,7,1
2016-11-02,11,10,1
2016-11-03,5,5,0
2016-11-04,15,15,0
2016-11-05,7,7,0
2016-11-06,4,4,0
2016-11-07,15,15,0
2016-11-08,11,10,1
2016-11-09,9,9,0
2016-11-10,11,11,0
2016-11-11,7,7,0
2016-11-12,11,11,0
2016-11-13,8,8,0
2016-11-14,29,27,2
2016-11-15,16,16,0
2016-11-16,11,11,0
2016-11-17,14,14,0
2016-11-18,18,18,0
2016-11-19,13,13,0
2016-11-20,14,14,0
2016-11-21,21,21,0
2016-11-22,18,18,0
2016-11-23,8,7,1
2016-11-24,19,19,0
2016-11-25,25,25,0
2016-11-26,18,18,0
2016-11-27,20,20,0
2016-11-28,39,38,1
2016-11-29,40,40,0
2016-11-30,28,27,1
2016-12-01,32,32,0
2016-12-02,50,50,0
2016-12-03,48,47,1
2016-12-04,47,47,0
2016-12-05,80,80,0
2016-12-06,59,58,1
2016-12-07,65,65,0
2016-12-08,52,52,0
2016-12-09,57,57,0
2016-12-10,58,56,2
2016-12-11,35,34,1
2016-12-12,106,101,5
2016-12-13,83,81,2
2016-12-14,89,87,2
2016-12-15,103,101,2
2016-12-16,138,135,3
2016-12-17,100,100,0
2016-12-18,77,77,0
2016-12-19,267,264,3
2016-12-20,223,220,3
2016-12-21,187,183,4
2016-12-22,263,260,3
2016-12-23,112,112,0
2016-12-24,248,246,2
2016-12-25,115,115,0
2016-12-26,349,345,4
2016-12-27,237,235,2
2016-12-28,230,226,4
2016-12-29,246,242,4
2016-12-30,143,142,1
2016-12-31,194,193,1
2017-01-01,163,162,1
2017-01-02,223,220,3
2017-01-03,198,195,3
2017-01-04,417,406,11
2017-01-05,363,358,5
2017-01-06,303,298,5
2017-01-07,252,249,3
2017-01-08,204,199,5
2017-01-09,148,145,3
2017-01-10,445,438,7
2017-01-11,325,313,12
2017-01-12,312,298,14
2017-01-13,341,332,9
2017-01-14,262,255,7
2017-01-15,191,185,6
2017-01-16,553,540,13
2017-01-17,386,371,15
2017-01-18,449,431,18
2017-01-19,548,523,25
2017-01-20,593,560,33
2017-01-21,500,483,17
2017-01-22,290,279,11
2017-01-23,955,910,45
2017-01-24,702,660,42
2017-01-25,565,542,23
2017-01-26,624,583,41
2017-01-27,637,607,30
2017-01-28,642,607,35
2017-01-29,352,332,20
2017-01-30,1046,975,71
2017-01-31,640,607,33
2017-02-01,533,496,37
2017-02-02,489,459,30
2017-02-03,528,492,36
2017-02-04,449,417,32
2017-02-05,215,203,12
2017-02-06,696,623,73
2017-02-07,455,412,43
2017-02-08,349,317,32
2017-02-09,348,307,41
2017-02-10,361,320,41
2017-02-11,206,184,22
2017-02-12,217,194,23
2017-02-13,612,534,78
2017-02-14,352,284,68
2017-02-15,299,247,52
2017-02-16,317,262,55
2017-02-17,310,242,68
2017-02-18,252,206,46
2017-02-19,155,124,31
2017-02-20,373,276,97
2017-02-21,268,210,58
2017-02-22,205,144,61
2017-02-23,175,131,44
2017-02-24,216,154,62
2017-02-25,174,110,64
2017-02-26,101,71,30
2017-02-27,277,144,133
2017-02-28,191,111,80
2017-03-01,166,89,77
2017-03-02,154,103,51
2017-03-03,210,101,109
2017-03-04,197,109,88
2017-03-05,87,51,36
2017-03-06,290,155,135
2017-03-07,199,91,108
2017-03-08,163,69,94
2017-03-09,167,94,73
2017-03-10,180,80,100
2017-03-11,137,68,69
2017-03-12,77,36,41
2017-03-13,234,93,141
2017-03-14,153,60,93
2017-03-15,141,62,79
2017-03-16,122,45,77
2017-03-17,160,54,106
2017-03-18,112,40,72
2017-03-19,73,33,40
2017-03-20,61,28,33
2017-03-21,184,69,115
2017-03-22,108,42,66
2017-03-23,88,45,43
2017-03-24,85,27,58
2017-03-25,60,17,43
2017-03-26,49,18,31
2017-03-27,120,47,73
2017-03-28,94,29,65
2017-03-29,77,24,53
2017-03-30,86,30,56
2017-03-31,90,31,59
2017-04-01,72,23,49
2017-04-02,35,15,20
2017-04-03,110,34,76
2017-04-04,89,13,76
2017-04-05,73,20,53
2017-04-06,68,24,44
2017-04-07,79,21,58
2017-04-08,52,13,39
2017-04-09,45,11,34
2017-04-10,98,24,74
2017-04-11,51,16,35
2017-04-12,58,13,45
2017-04-13,47,18,29
2017-04-14,52,14,38
2017-04-15,41,10,31
2017-04-16,35,11,24
2017-04-17,94,16,78
2017-04-18,50,5,45
2017-04-19,55,10,45
2017-04-20,52,13,39
2017-04-21,39,5,34
2017-04-22,28,5,23
2017-04-23,22,0,22
2017-04-24,69,9,60
2017-04-25,57,9,48
2017-04-26,48,8,40
2017-04-27,37,4,33
2017-04-28,50,8,42
2017-04-29,10,1,9
2017-04-30,17,3,14
2017-05-01,51,7,44
2017-05-02,43,5,38
2017-05-03,16,6,10
2017-05-04,17,2,15
2017-05-05,15,2,13
2017-05-06,31,1,30
2017-05-07,9,1,8
2017-05-08,42,7,35
2017-05-09,16,1,15
2017-05-10,17,1,16
2017-05-11,8,2,6
2017-05-12,13,0,13
2017-05-13,9,1,8
2017-05-14,6,1,5
2017-05-15,16,0,16
2017-05-16,10,2,8
2017-05-17,6,1,5
2017-05-18,7,1,6
2017-05-19,7,2,5
2017-05-20,3,1,2
2017-05-21,1,1,0
2017-05-22,14,2,12
2017-05-23,8,0,8
2017-05-24,9,0,9
2017-05-25,6,1,5
2017-05-26,2,0,2
2017-05-27,5,1,4
2017-05-28,3,1,2
2017-05-29,8,0,8
2017-05-30,6,1,5
2017-05-31,12,2,10
2017-06-01,4,1,3
2017-06-02,7,1,6
2017-06-03,4,0,4
2017-06-04,1,0,1
2017-06-05,10,1,9
2017-06-06,2,0,2
2017-06-07,2,1,1
2017-06-08,2,0,2
2017-06-09,2,1,1
2017-06-10,2,0,2
2017-06-11,1,1,0
2017-06-12,0,0,0
2017-06-13,1,0,1
2017-06-14,7,0,7
2017-06-15,3,2,1
2017-06-16,0,0,0
2017-06-17,2,1,1
2017-06-18,3,2,1
2017-06-19,0,0,0
2017-06-20,2,2,0
2017-06-21,0,0,0
2017-06-22,0,0,0
2017-06-23,0,0,0
2017-06-24,0,0,0
2017-06-25,0,0,0
2017-06-26,0,0,0
2017-06-27,0,0,0
2017-06-28,1,0,1
2017-06-29,0,0,0
2017-06-30,1,0,1
2017-07-01,0,0,0
2017-07-02,2,0,2
2017-07-03,2,2,0
2017-07-04,2,2,0
2017-07-05,0,0,0
2017-07-06,1,1,0
2017-07-07,2,2,0
2017-07-08,2,2,0
2017-07-09,0,0,0
2017-07-10,0,0,0
2017-07-11,0,0,0
2017-07-12,1,1,0
2017-07-13,0,0,0
2017-07-14,0,0,0
2017-07-15,0,0,0
2017-07-16,0,0,0
2017-07-17,0,0,0
2017-07-18,0,0,0
2017-07-19,0,0,0
2017-07-20,1,0,1
2017-07-21,0,0,0
2017-07-22,2,2,0
2017-07-23,0,0,0
2017-07-24,5,5,0
2017-07-25,2,1,1
2017-07-26,1,1,0
2017-07-27,1,1,0
2017-07-28,1,1,0
2017-07-29,1,1,0
2017-07-30,0,0,0
2017-07-31,5,5,0
2017-08-01,0,0,0
2017-08-02,0,0,0
2017-08-03,1,1,0
2017-08-04,1,1,0
2017-08-05,0,0,0
2017-08-06,0,0,0
2017-08-07,0,0,0
2017-08-08,2,2,0
2017-08-09,7,7,0
2017-08-10,10,10,0
2017-08-11,2,2,0
2017-08-12,3,3,0
2017-08-13,0,0,0
2017-08-14,5,5,0
2017-08-15,0,0,0
2017-08-16,0,0,0
2017-08-17,3,3,0
2017-08-18,4,4,0
2017-08-19,0,0,0
2017-08-20,1,0,1
2017-08-21,1,0,1
2017-08-22,0,0,0
2017-08-23,2,2,0
2017-08-24,0,0,0
2017-08-25,1,1,0
2017-08-26,1,1,0
2017-08-27,1,1,0
2017-08-28,3,3,0
2017-08-29,3,3,0
2017-08-30,3,3,0
2017-08-31,1,1,0
2017-09-01,1,1,0
2017-09-02,0,0,0
2017-09-03,0,0,0
2017-09-04,1,1,0
2017-09-05,5,5,0
2017-09-06,5,5,0
2017-09-07,8,8,0
2017-09-08,8,8,0
2017-09-09,17,17,0
2017-09-10,4,4,0
2017-09-11,33,32,1
2017-09-12,8,7,1
2017-09-13,4,4,0
2017-09-14,10,8,2
2017-09-15,6,6,0
2017-09-16,9,9,0
2017-09-17,10,10,0
2017-09-18,3,3,0
2017-09-19,16,16,0
2017-09-20,4,3,1
2017-09-21,7,7,0
2017-09-22,2,2,0
2017-09-23,1,1,0
2017-09-24,4,4,0
2017-09-25,12,12,0
2017-09-26,8,8,0
2017-09-27,7,5,2
2017-09-28,5,4,1
2017-09-29,5,5,0
2017-09-30,7,7,0
2017-10-01,12,12,0
2017-10-02,13,13,0
2017-10-03,6,6,0
2017-10-04,5,5,0
2017-10-05,9,8,1
2017-10-06,8,8,0
2017-10-07,3,2,1
2017-10-08,5,4,1
2017-10-09,1,1,0
2017-10-10,11,9,2
2017-10-11,7,7,0
2017-10-12,6,6,0
2017-10-13,2,2,0
2017-10-14,1,1,0
2017-10-15,4,4,0
2017-10-16,11,10,1
2017-10-17,9,7,2
2017-10-18,4,3,1
2017-10-19,8,8,0
2017-10-20,7,6,1
2017-10-21,7,7,0
2017-10-22,1,1,0
2017-10-23,7,7,0
2017-10-24,7,6,1
2017-10-25,2,1,1
2017-10-26,0,0,0
2017-10-27,0,0,0
2017-10-28,1,1,0
2017-10-29,3,1,2
2017-10-30,6,6,0
2017-10-31,4,3,1
2017-11-01,3,3,0
2017-11-02,2,2,0
2017-11-03,1,1,0
2017-11-04,4,4,0
2017-11-05,0,0,0
2017-11-06,6,5,1
2017-11-07,4,3,1
2017-11-08,5,4,1
2017-11-09,12,11,1
2017-11-10,7,6,1
2017-11-11,8,7,1
2017-11-12,1,1,0
2017-11-13,11,10,1
2017-11-14,14,12,2
2017-11-15,8,5,3
2017-11-16,7,5,2
2017-11-17,13,13,0
2017-11-18,6,5,1
2017-11-19,5,2,3
2017-11-20,8,8,0
2017-11-21,14,8,6
2017-11-22,10,7,3
2017-11-23,9,9,0
2017-11-24,18,16,2
2017-11-25,21,19,2
2017-11-26,10,9,1
2017-11-27,59,54,5
2017-11-28,41,32,9
2017-11-29,31,25,6
2017-11-30,37,31,6
2017-12-01,45,34,11
2017-12-02,46,37,9
2017-12-03,36,28,8
2017-12-04,60,40,20
2017-12-05,55,43,12
2017-12-06,38,29,9
2017-12-07,52,40,12
2017-12-08,59,52,7
2017-12-09,56,43,13
2017-12-10,31,25,6
2017-12-11,140,110,30
2017-12-12,89,68,21
2017-12-13,97,71,26
2017-12-14,101,76,25
2017-12-15,102,79,23
2017-12-16,89,64,25
2017-12-17,84,57,27
2017-12-18,202,144,58
2017-12-19,159,105,54
2017-12-20,158,95,63
2017-12-21,182,113,69
2017-12-22,249,169,80
2017-12-23,113,66,47
2017-12-24,168,103,65
2017-12-25,416,257,159
2017-12-26,326,176,150
2017-12-27,287,170,117
2017-12-28,262,143,119
2017-12-29,294,164,130
2017-12-30,197,105,92
2017-12-31,184,103,81
2018-01-01,150,77,73
2018-01-02,214,107,107
2018-01-03,195,95,100
2018-01-04,487,215,272
2018-01-05,421,170,251
2018-01-06,363,179,184
2018-01-07,223,97,126
2018-01-08,278,141,137
2018-01-09,659,299,360
2018-01-10,414,184,230
2018-01-11,452,200,252
2018-01-12,453,209,244
2018-01-13,425,163,262
2018-01-14,261,112,149
2018-01-15,826,316,510
2018-01-16,712,266,446
2018-01-17,639,206,433
2018-01-18,754,265,489
2018-01-19,858,302,556
2018-01-20,676,221,455
2018-01-21,400,135,265
2018-01-22,1026,294,732
2018-01-23,852,246,606
2018-01-24,736,228,508
2018-01-25,745,231,514
2018-01-26,825,257,568
2018-01-27,692,223,469
2018-01-28,362,130,232
2018-01-29,1348,367,981
2018-01-30,900,226,674
2018-01-31,782,201,581
2018-02-01,742,201,541
2018-02-02,793,222,571
2018-02-03,689,221,468
2018-02-04,305,98,207
2018-02-05,1103,269,834
2018-02-06,731,174,557
2018-02-07,556,146,410
2018-02-08,566,179,387
2018-02-09,526,138,388
2018-02-10,496,144,352
2018-02-11,291,88,203
2018-02-12,210,71,139
2018-02-13,781,208,573
2018-02-14,397,112,285
2018-02-15,356,108,248
2018-02-16,328,111,217
2018-02-17,291,110,181
2018-02-18,166,60,106
2018-02-19,480,164,316
2018-02-20,284,92,192
2018-02-21,295,106,189
2018-02-22,256,91,165
2018-02-23,289,98,191
2018-02-24,209,99,110
2018-02-25,110,47,63
2018-02-26,327,124,203
2018-02-27,219,92,127
2018-02-28,203,79,124
2018-03-01,173,73,100
2018-03-02,184,73,111
2018-03-03,142,79,63
2018-03-04,83,47,36
2018-03-05,209,94,115
2018-03-06,123,54,69
2018-03-07,105,54,51
2018-03-08,92,33,59
2018-03-09,89,49,40
2018-03-10,85,49,36
2018-03-11,37,23,14
2018-03-12,116,72,44
2018-03-13,72,44,28
2018-03-14,74,39,35
2018-03-15,59,34,25
2018-03-16,51,36,15
2018-03-17,46,30,16
2018-03-18,25,17,8
2018-03-19,56,34,22
2018-03-20,48,35,13
2018-03-21,14,11,3
2018-03-22,64,44,20
2018-03-23,30,25,5
2018-03-24,28,22,6
2018-03-25,19,15,4
2018-03-26,56,37,19
2018-03-27,24,17,7
2018-03-28,22,18,4
2018-03-29,26,19,7
2018-03-30,22,17,5
2018-03-31,12,8,4
2018-04-01,16,10,6
2018-04-02,18,16,2
2018-04-03,22,13,9
2018-04-04,13,11,2
2018-04-05,11,10,1
2018-04-06,17,11,6
2018-04-07,6,5,1
2018-04-08,8,7,1
2018-04-09,21,18,3
2018-04-10,13,8,5
2018-04-11,7,3,4
2018-04-12,10,9,1
2018-04-13,6,5,1
2018-04-14,8,6,2
2018-04-15,6,6,0
2018-04-16,21,20,1
2018-04-17,14,13,1
2018-04-18,7,6,1
2018-04-19,11,10,1
2018-04-20,5,3,2
2018-04-21,8,7,1
2018-04-22,6,5,1
2018-04-23,12,11,1
2018-04-24,8,8,0
2018-04-25,6,4,2
2018-04-26,4,2,2
2018-04-27,7,7,0
2018-04-28,9,8,1
2018-04-29,3,3,0
2018-04-30,5,5,0
2018-05-01,10,10,0
2018-05-02,12,11,1
2018-05-03,7,5,2
2018-05-04,7,6,1
2018-05-05,3,2,1
2018-05-06,4,4,0
2018-05-07,10,9,1
2018-05-08,10,10,0
2018-05-09,4,4,0
2018-05-10,2,2,0
2018-05-11,6,6,0
2018-05-12,5,5,0
2018-05-13,3,3,0
2018-05-14,4,4,0
2018-05-15,2,2,0
2018-05-16,2,2,0
2018-05-17,2,2,0
2018-05-18,5,4,1
2018-05-19,3,3,0
2018-05-20,1,1,0
2018-05-21,0,0,0
2018-05-22,1,1,0
2018-05-23,1,1,0
2018-05-24,5,5,0
2018-05-25,1,1,0
2018-05-26,2,2,0
2018-05-27,4,4,0
2018-05-28,4,4,0
2018-05-29,0,0,0
2018-05-30,1,1,0
2018-05-31,3,2,1
2018-06-01,1,1,0
2018-06-02,0,0,0
2018-06-03,0,0,0
2018-06-04,3,3,0
2018-06-05,0,0,0
2018-06-06,1,1,0
2018-06-07,0,0,0
2018-06-08,0,0,0
2018-06-09,1,1,0
2018-06-10,0,0,0
2018-06-11,2,2,0
2018-06-12,2,2,0
2018-06-13,0,0,0
2018-06-14,0,0,0
2018-06-15,0,0,0
2018-06-16,0,0,0
2018-06-17,0,0,0
2018-06-18,0,0,0
2018-06-19,0,0,0
2018-06-20,0,0,0
2018-06-21,0,0,0
2018-06-22,0,0,0
2018-06-23,1,1,0
2018-06-24,0,0,0
2018-06-25,0,0,0
2018-06-26,0,0,0
2018-06-27,0,0,0
2018-06-28,0,0,0
2018-06-29,0,0,0
2018-06-30,0,0,0
2018-07-01,0,0,0
2018-07-02,1,1,0
2018-07-03,0,0,0
2018-07-04,1,1,0
2018-07-05,1,1,0
2018-07-06,0,0,0
2018-07-07,0,0,0
2018-07-08,1,1,0
2018-07-09,2,2,0
2018-07-10,2,2,0
2018-07-11,0,0,0
2018-07-12,1,1,0
2018-07-13,0,0,0
2018-07-14,0,0,0
2018-07-15,0,0,0
2018-07-16,1,1,0
2018-07-17,0,0,0
2018-07-18,0,0,0
2018-07-19,0,0,0
2018-07-20,0,0,0
2018-07-21,0,0,0
2018-07-22,0,0,0
2018-07-23,2,2,0
2018-07-24,0,0,0
2018-07-25,0,0,0
2018-07-26,0,0,0
2018-07-27,0,0,0
2018-07-28,0,0,0
2018-07-29,0,0,0
2018-07-30,0,0,0
2018-07-31,1,1,0
2018-08-01,0,0,0
2018-08-02,0,0,0
2018-08-03,0,0,0
2018-08-04,1,1,0
2018-08-05,1,1,0
2018-08-06,0,0,0
2018-08-07,0,0,0
2018-08-08,0,0,0
2018-08-09,1,1,0
2018-08-10,0,0,0
2018-08-11,0,0,0
2018-08-12,1,1,0
2018-08-13,0,0,0
2018-08-14,0,0,0
2018-08-15,0,0,0
2018-08-16,0,0,0
2018-08-17,0,0,0
2018-08-18,0,0,0
2018-08-19,0,0,0
2018-08-20,0,0,0
2018-08-21,1,1,0
2018-08-22,0,0,0
2018-08-23,0,0,0
2018-08-24,0,0,0
2018-08-25,0,0,0
2018-08-26,0,0,0
2018-08-27,0,0,0
2018-08-28,1,1,0
2018-08-29,0,0,0
2018-08-30,0,0,0
2018-08-31,1,1,0
2018-09-01,0,0,0
2018-09-02,0,0,0
2018-09-03,0,0,0
2018-09-04,1,0,1
2018-09-05,0,0,0
2018-09-06,0,0,0
2018-09-07,0,0,0
2018-09-08,1,1,0
2018-09-09,0,0,0
2018-09-10,7,7,0
2018-09-11,8,8,0
2018-09-12,2,2,0
2018-09-13,6,6,0
2018-09-14,4,4,0
2018-09-15,10,10,0
2018-09-16,0,0,0
2018-09-17,5,5,0
2018-09-18,8,8,0
2018-09-19,7,7,0
2018-09-20,5,5,0
2018-09-21,9,9,0
2018-09-22,10,10,0
2018-09-23,1,1,0
2018-09-24,3,3,0
2018-09-25,13,12,1
2018-09-26,4,4,0
2018-09-27,4,4,0
2018-09-28,4,4,0
2018-09-29,6,5,1
2018-09-30,3,3,0
2018-10-01,8,8,0
2018-10-02,8,8,0
2018-10-03,8,8,0
2018-10-04,2,2,0
2018-10-05,9,9,0
2018-10-06,12,12,0
2018-10-07,2,2,0
2018-10-08,3,3,0
2018-10-09,8,8,0
2018-10-10,7,6,1
2018-10-11,2,2,0
2018-10-12,1,1,0
2018-10-13,3,3,0
2018-10-14,1,1,0
2018-10-15,2,2,0
2018-10-16,2,1,1
2018-10-17,2,1,1
2018-10-18,0,0,0
2018-10-19,0,0,0
2018-10-20,0,0,0
2018-10-21,2,2,0
2018-10-22,3,3,0
2018-10-23,2,1,1
2018-10-24,0,0,0
2018-10-25,0,0,0
2018-10-26,0,0,0
2018-10-27,1,1,0
2018-10-28,1,1,0
2018-10-29,3,2,1
2018-10-30,2,2,0
2018-10-31,1,1,0
2018-11-01,1,1,0
2018-11-02,1,1,0
2018-11-03,2,2,0
2018-11-04,0,0,0
2018-11-05,2,2,0
2018-11-06,0,0,0
2018-11-07,3,3,0
2018-11-08,5,5,0
2018-11-09,5,5,0
2018-11-10,5,4,1
2018-11-11,2,2,0
2018-11-12,7,7,0
2018-11-13,2,2,0
2018-11-14,3,3,0
2018-11-15,10,9,1
2018-11-16,7,7,0
2018-11-17,2,2,0
2018-11-18,9,8,1
2018-11-19,19,19,0
2018-11-20,8,8,0
2018-11-21,4,4,0
2018-11-22,12,12,0
2018-11-23,3,3,0
2018-11-24,10,10,0
2018-11-25,6,6,0
2018-11-26,11,11,0
2018-11-27,10,10,0
2018-11-28,4,4,0
2018-11-29,4,4,0
2018-11-30,8,8,0
2018-12-01,6,6,0
2018-12-02,5,5,0
2018-12-03,9,9,0
2018-12-04,27,27,0
2018-12-05,8,8,0
2018-12-06,11,11,0
2018-12-07,19,19,0
2018-12-08,12,12,0
2018-12-09,10,10,0
2018-12-10,25,24,1
2018-12-11,26,26,0
2018-12-12,11,11,0
2018-12-13,29,26,3
2018-12-14,32,31,1
2018-12-15,41,41,0
2018-12-16,27,27,0
2018-12-17,70,69,1
2018-12-18,75,73,2
2018-12-19,89,87,2
2018-12-20,111,110,1
2018-12-21,111,108,3
2018-12-22,107,107,0
2018-12-23,131,131,0
2018-12-24,134,133,1
2018-12-25,258,257,1
2018-12-26,187,185,2
2018-12-27,166,166,0
2018-12-28,211,208,3
2018-12-29,200,200,0
2018-12-30,134,134,0
2018-12-31,192,192,0
2019-01-01,207,207,0
2019-01-02,273,272,1
2019-01-03,327,325,2
2019-01-04,577,576,1
2019-01-05,466,465,1
2019-01-06,280,279,1
2019-01-07,751,746,5
2019-01-08,622,621,1
2019-01-09,664,663,1
2019-01-10,754,752,2
2019-01-11,862,859,3
2019-01-12,806,804,2
2019-01-13,672,672,0
2019-01-14,618,616,2
2019-01-15,1626,1617,9
2019-01-16,1053,1045,8
2019-01-17,1021,1019,2
2019-01-18,1180,1179,1
2019-01-19,993,990,3
2019-01-20,640,639,1
2019-01-21,1718,1717,1
2019-01-22,1153,1151,2
2019-01-23,919,915,4
2019-01-24,987,986,1
2019-01-25,1020,1019,1
2019-01-26,879,877,2
2019-01-27,481,480,1
2019-01-28,1387,1383,4
2019-01-29,938,935,3
2019-01-30,765,758,7
2019-01-31,698,693,5
2019-02-01,749,747,2
2019-02-02,584,583,1
2019-02-03,319,318,1
2019-02-04,767,765,2
2019-02-05,485,483,2
2019-02-06,394,391,3
2019-02-07,341,340,1
2019-02-08,324,320,4
2019-02-09,243,242,1
2019-02-10,186,186,0
2019-02-11,160,159,1
2019-02-12,392,392,0
2019-02-13,208,208,0
2019-02-14,151,151,0
2019-02-15,170,170,0
2019-02-16,111,108,3
2019-02-17,62,60,2
2019-02-18,176,175,1
2019-02-19,102,100,2
2019-02-20,81,81,0
2019-02-21,87,86,1
2019-02-22,94,93,1
2019-02-23,61,57,4
2019-02-24,30,30,0
2019-02-25,91,89,2
2019-02-26,77,77,0
2019-02-27,44,44,0
2019-02-28,50,49,1
2019-03-01,45,41,4
2019-03-02,48,47,1
2019-03-03,17,17,0
2019-03-04,68,62,6
2019-03-05,38,38,0
2019-03-06,47,38,9
2019-03-07,23,20,3
2019-03-08,36,35,1
2019-03-09,21,19,2
2019-03-10,11,9,2
2019-03-11,35,26,9
2019-03-12,18,18,0
2019-03-13,20,14,6
2019-03-14,24,21,3
2019-03-15,16,15,1
2019-03-16,15,14,1
2019-03-17,12,11,1
2019-03-18,23,20,3
2019-03-19,19,14,5
2019-03-20,17,11,6
2019-03-21,5,4,1
2019-03-22,22,16,6
2019-03-23,12,7,5
2019-03-24,7,5,2
2019-03-25,9,8,1
2019-03-26,17,14,3
2019-03-27,15,9,6
2019-03-28,10,6,4
2019-03-29,8,5,3
2019-03-30,10,8,2
2019-03-31,7,3,4
2019-04-01,17,13,4
2019-04-02,9,6,3
2019-04-03,14,9,5
2019-04-04,10,7,3
2019-04-05,17,13,4
2019-04-06,10,8,2
2019-04-07,7,5,2
2019-04-08,33,19,14
2019-04-09,12,6,6
2019-04-10,30,8,22
2019-04-11,17,13,4
2019-04-12,23,9,14
2019-04-13,20,6,14
2019-04-14,7,4,3
2019-04-15,55,20,35
2019-04-16,33,10,23
2019-04-17,28,8,20
2019-04-18,22,5,17
2019-04-19,43,17,26
2019-04-20,32,10,22
2019-04-21,16,9,7
2019-04-22,41,6,35
2019-04-23,23,8,15
2019-04-24,34,6,28
2019-04-25,20,7,13
2019-04-26,30,7,23
2019-04-27,18,3,15
2019-04-28,16,9,7
2019-04-29,13,4,9
2019-04-30,24,5,19
2019-05-01,25,8,17
2019-05-02,23,3,20
2019-05-03,20,6,14
2019-05-04,15,2,13
2019-05-05,15,7,8
2019-05-06,7,2,5
2019-05-07,14,3,11
2019-05-08,14,2,12
2019-05-09,12,2,10
2019-05-10,12,3,9
2019-05-11,17,5,12
2019-05-12,12,3,9
2019-05-13,26,6,20
2019-05-14,20,4,16
2019-05-15,18,1,17
2019-05-16,20,1,19
2019-05-17,18,1,17
2019-05-18,7,2,5
2019-05-19,10,1,9
2019-05-20,13,2,11
2019-05-21,10,3,7
2019-05-22,5,1,4
2019-05-23,10,3,7
2019-05-24,6,0,6
2019-05-25,7,0,7
2019-05-26,0,0,0
2019-05-27,2,0,2
2019-05-28,5,0,5
2019-05-29,5,0,5
2019-05-30,6,2,4
2019-05-31,2,1,1
2019-06-01,4,0,4
2019-06-02,2,0,2
2019-06-03,2,0,2
2019-06-04,2,0,2
2019-06-05,8,0,8
2019-06-06,0,0,0
2019-06-07,2,1,1
2019-06-08,1,0,1
2019-06-09,2,0,2
2019-06-10,2,0,2
2019-06-11,3,0,3
2019-06-12,3,0,3
2019-06-13,1,0,1
2019-06-14,3,1,2
2019-06-15,1,0,1
2019-06-16,0,0,0
2019-06-17,4,1,3
2019-06-18,4,0,4
2019-06-19,1,0,1
2019-06-20,0,0,0
2019-06-21,0,0,0
2019-06-22,2,2,0
2019-06-23,0,0,0
2019-06-24,3,1,2
2019-06-25,1,1,0
2019-06-26,1,1,0
2019-06-27,1,1,0
2019-06-28,0,0,0
2019-06-29,1,1,0
2019-06-30,0,0,0
2019-07-01,1,1,0
2019-07-02,2,2,0
2019-07-03,1,0,1
2019-07-04,3,3,0
2019-07-05,4,3,1
2019-07-06,0,0,0
2019-07-07,2,2,0
2019-07-08,5,3,2
2019-07-09,0,0,0
2019-07-10,4,3,1
2019-07-11,4,3,1
2019-07-12,0,0,0
2019-07-13,0,0,0
2019-07-14,2,1,1
2019-07-15,0,0,0
2019-07-16,5,4,1
2019-07-17,3,3,0
2019-07-18,2,2,0
2019-07-19,3,3,0
2019-07-20,2,2,0
2019-07-21,2,0,2
2019-07-22,3,2,1
2019-07-23,3,2,1
2019-07-24,3,2,1
2019-07-25,3,3,0
2019-07-26,2,1,1
2019-07-27,5,5,0
2019-07-28,2,2,0
2019-07-29,5,4,1
2019-07-30,2,2,0
2019-07-31,4,3,1
2019-08-01,4,3,1
2019-08-02,1,1,0
2019-08-03,1,1,0
2019-08-04,0,0,0
2019-08-05,2,2,0
2019-08-06,2,2,0
2019-08-07,2,2,0
2019-08-08,3,3,0
2019-08-09,0,0,0
2019-08-10,3,3,0
2019-08-11,1,0,1
2019-08-12,2,1,1
2019-08-13,1,1,0
2019-08-14,0,0,0
2019-08-15,3,1,2
2019-08-16,2,1,1
2019-08-17,0,0,0
2019-08-18,0,0,0
2019-08-19,0,0,0
2019-08-20,0,0,0
2019-08-21,1,1,0
2019-08-22,0,0,0
2019-08-23,0,0,0
2019-08-24,1,1,0
2019-08-25,1,0,1
2019-08-26,8,3,5
2019-08-27,3,0,3
2019-08-28,0,0,0
2019-08-29,1,1,0
2019-08-30,9,9,0
2019-08-31,1,1,0
2019-09-01,5,4,1
2019-09-02,8,6,2
2019-09-03,8,8,0
2019-09-04,9,8,1
2019-09-05,6,5,1
2019-09-06,5,5,0
2019-09-07,14,13,1
2019-09-08,2,2,0
2019-09-09,10,9,1
2019-09-10,5,5,0
2019-09-11,9,9,0
2019-09-12,6,6,0
2019-09-13,5,4,1
2019-09-14,7,7,0
2019-09-15,8,7,1
2019-09-16,2,2,0
2019-09-17,11,11,0
2019-09-18,11,11,0
2019-09-19,12,12,0
2019-09-20,4,4,0
2019-09-21,10,10,0
2019-09-22,6,6,0
2019-09-23,6,6,0
2019-09-24,15,14,1
2019-09-25,10,10,0
2019-09-26,10,9,1
2019-09-27,6,6,0
2019-09-28,8,8,0
2019-09-29,5,5,0
2019-09-30,10,10,0
2019-10-01,11,8,3
2019-10-02,6,4,2
2019-10-03,8,8,0
2019-10-04,7,7,0
2019-10-05,6,6,0
2019-10-06,10,10,0
2019-10-07,9,7,2
2019-10-08,7,7,0
2019-10-09,3,3,0
2019-10-10,4,4,0
2019-10-11,9,9,0
2019-10-12,3,3,0
2019-10-13,9,9,0
2019-10-14,5,5,0
2019-10-15,4,4,0
2019-10-16,6,6,0
2019-10-17,7,6,1
2019-10-18,9,9,0
2019-10-19,8,8,0
2019-10-20,2,2,0
2019-10-21,9,9,0
2019-10-22,4,4,0
2019-10-23,12,12,0
2019-10-24,12,12,0
2019-10-25,7,7,0
2019-10-26,12,12,0
2019-10-27,4,4,0
2019-10-28,18,15,3
2019-10-29,13,13,0
2019-10-30,13,13,0
2019-10-31,12,11,1
2019-11-01,9,9,0
2019-11-02,11,11,0
2019-11-03,5,5,0
2019-11-04,14,13,1
2019-11-05,14,14,0
2019-11-06,8,7,1
2019-11-07,20,20,0
2019-11-08,19,19,0
2019-11-09,11,11,0
2019-11-10,7,7,0
2019-11-11,29,29,0
2019-11-12,25,25,0
2019-11-13,31,31,0
2019-11-14,29,28,1
2019-11-15,29,28,1
2019-11-16,51,50,1
2019-11-17,20,20,0
2019-11-18,90,90,0
2019-11-19,91,91,0
2019-11-20,53,52,1
2019-11-21,45,45,0
2019-11-22,58,58,0
2019-11-23,41,41,0
2019-11-24,66,65,1
2019-11-25,114,113,1
2019-11-26,94,93,1
2019-11-27,58,55,3
2019-11-28,66,63,3
2019-11-29,91,87,4
2019-11-30,95,94,1
2019-12-01,57,57,0
2019-12-02,175,173,2
2019-12-03,137,137,0
2019-12-04,133,131,2
2019-12-05,170,170,0
2019-12-06,211,209,2
2019-12-07,148,146,2
2019-12-08,130,128,2
2019-12-09,388,384,4
2019-12-10,271,270,1
2019-12-11,249,246,3
2019-12-12,312,311,1
2019-12-13,327,323,4
2019-12-14,240,239,1
2019-12-15,158,158,0
2019-12-16,483,482,1
2019-12-17,377,377,0
2019-12-18,355,355,0
2019-12-19,370,370,0
2019-12-20,363,363,0
2019-12-21,336,336,0
2019-12-22,167,167,0
2019-12-23,603,603,0
2019-12-24,385,385,0
2019-12-25,355,355,0
2019-12-26,385,385,0
2019-12-27,357,357,0
2019-12-28,291,291,0
2019-12-29,194,194,0
2019-12-30,270,270,0
2019-12-31,256,256,0
2020-01-01,207,201,6
2020-01-02,222,218,4
2020-01-03,232,228,4
2020-01-04,354,346,8
2020-01-05,196,194,2
2020-01-06,367,357,10
2020-01-07,295,289,6
2020-01-08,273,262,11
2020-01-09,248,241,7
2020-01-10,265,255,10
2020-01-11,224,216,8
2020-01-12,178,170,8
2020-01-13,195,179,16
2020-01-14,369,345,24
2020-01-15,216,197,19
2020-01-16,187,169,18
2020-01-17,201,184,17
2020-01-18,147,135,12
2020-01-19,133,121,12
2020-01-20,339,298,41
2020-01-21,222,192,30
2020-01-22,156,134,22
2020-01-23,188,161,27
2020-01-24,196,171,25
2020-01-25,166,141,25
2020-01-26,102,86,16
2020-01-27,271,202,69
2020-01-28,186,121,65
2020-01-29,134,109,25
2020-01-30,148,104,44
2020-01-31,188,132,56
2020-02-01,130,83,47
2020-02-02,62,46,16
2020-02-03,203,111,92
2020-02-04,133,59,74
2020-02-05,87,44,43
2020-02-06,110,57,53
2020-02-07,91,48,43
2020-02-08,97,54,43
2020-02-09,45,21,24
2020-02-10,138,59,79
2020-02-11,53,10,43
2020-02-12,123,34,89
2020-02-13,80,23,57
2020-02-14,75,14,61
2020-02-15,50,17,33
2020-02-16,33,5,28
2020-02-17,118,28,90
2020-02-18,86,15,71
2020-02-19,71,13,58
2020-02-20,52,13,39
2020-02-21,53,9,44
2020-02-22,62,9,53
2020-02-23,39,1,38
2020-02-24,34,3,31
2020-02-25,115,4,111
2020-02-26,78,3,75
2020-02-27,74,3,71
2020-02-28,54,6,48
2020-02-29,37,1,36
2020-03-01,15,0,15
2020-03-02,75,8,67
2020-03-03,51,2,49
2020-03-04,38,2,36
2020-03-05,36,0,36
2020-03-06,32,0,32
2020-03-07,37,1,36
2020-03-08,10,0,10
2020-03-09,35,2,33
2020-03-10,18,0,18
2020-03-11,15,1,14
2020-03-12,13,2,11
2020-03-13,10,0,10
2020-03-14,11,0,11
2020-03-15,3,0,3
2020-03-16,13,0,13
2020-03-17,5,0,5
2020-03-18,7,1,6
2020-03-19,5,2,3
2020-03-20,0,0,0
2020-03-21,4,1,3
2020-03-22,0,0,0
2020-03-23,6,0,6
2020-03-24,1,1,0
2020-03-25,2,0,2
2020-03-26,1,1,0
2020-03-27,2,1,1
2020-03-28,2,0,2
2020-03-29,0,0,0
2020-03-30,4,1,3
2020-03-31,2,1,1
2020-04-01,0,0,0
2020-04-02,1,0,1
2020-04-03,0,0,0
2020-04-04,0,0,0
2020-04-05,1,0,1
2020-04-06,1,0,1
2020-04-07,0,0,0
2020-04-08,0,0,0
2020-04-09,0,0,0
2020-04-10,0,0,0
2020-04-11,0,0,0
2020-04-12,0,0,0
2020-04-13,0,0,0
2020-04-14,1,1,0
2020-04-15,0,0,0
2020-04-16,0,0,0
2020-04-17,0,0,0
2020-04-18,0,0,0
2020-04-19,0,0,0
2020-04-20,0,0,0
2020-04-21,0,0,0
2020-04-22,0,0,0
2020-04-23,0,0,0
2020-04-24,1,1,0
2020-04-25,0,0,0
2020-04-26,0,0,0
2020-04-27,1,1,0
2020-04-28,0,0,0
2020-04-29,0,0,0
2020-04-30,0,0,0
2020-05-01,1,0,1
2020-05-02,0,0,0
2020-05-03,0,0,0
2020-05-04,0,0,0
2020-05-05,0,0,0
2020-05-06,0,0,0
2020-05-07,0,0,0
2020-05-08,0,0,0
2020-05-09,0,0,0
2020-05-10,0,0,0
2020-05-11,0,0,0
2020-05-12,0,0,0
2020-05-13,1,0,1
2020-05-14,0,0,0
2020-05-15,0,0,0
2020-05-16,0,0,0
2020-05-17,0,0,0
2020-05-18,0,0,0
2020-05-19,0,0,0
2020-05-20,0,0,0
2020-05-21,0,0,0
2020-05-22,1,0,1
2020-05-23,0,0,0
2020-05-24,0,0,0
2020-05-25,0,0,0
2020-05-26,0,0,0
2020-05-27,0,0,0
2020-05-28,0,0,0
2020-05-29,0,0,0
2020-05-30,0,0,0
2020-05-31,0,0,0
2020-06-01,0,0,0
2020-06-02,0,0,0
2020-06-03,0,0,0
2020-06-04,0,0,0
2020-06-05,0,0,0
2020-06-06,0,0,0
2020-06-07,0,0,0
2020-06-08,0,0,0
2020-06-09,0,0,0
2020-06-10,0,0,0
2020-06-11,0,0,0
2020-06-12,0,0,0
2020-06-13,0,0,0
2020-06-14,0,0,0
2020-06-15,0,0,0
2020-06-16,0,0,0
2020-06-17,0,0,0
2020-06-18,0,0,0
2020-06-19,0,0,0
2020-06-20,0,0,0
2020-06-21,0,0,0
2020-06-22,0,0,0
2020-06-23,0,0,0
2020-06-24,0,0,0
2020-06-25,0,0,0
2020-06-26,0,0,0
2020-06-27,0,0,0
2020-06-28,0,0,0
2020-06-29,0,0,0
2020-06-30,0,0,0
2020-07-01,0,0,0
2020-07-02,0,0,0
2020-07-03,0,0,0
2020-07-04,0,0,0
2020-07-05,0,0,0
2020-07-06,0,0,0
2020-07-07,0,0,0
2020-07-08,0,0,0
2020-07-09,0,0,0
2020-07-10,0,0,0
2020-07-11,0,0,0
2020-07-12,0,0,0
2020-07-13,0,0,0
2020-07-14,0,0,0
2020-07-15,0,0,0
2020-07-16,0,0,0
2020-07-17,0,0,0
2020-07-18,0,0,0
2020-07-19,0,0,0
2020-07-20,0,0,0
2020-07-21,0,0,0
2020-07-22,0,0,0
2020-07-23,0,0,0
2020-07-24,0,0,0
2020-07-25,0,0,0
2020-07-26,0,0,0
2020-07-27,0,0,0
2020-07-28,0,0,0
2020-07-29,0,0,0
2020-07-30,0,0,0
2020-07-31,0,0,0
2020-08-01,0,0,0
2020-08-02,0,0,0
2020-08-03,0,0,0
2020-08-04,0,0,0
2020-08-05,0,0,0
2020-08-06,0,0,0
2020-08-07,0,0,0
2020-08-08,0,0,0
2020-08-09,0,0,0
2020-08-10,0,0,0
2020-08-11,0,0,0
2020-08-12,0,0,0
2020-08-13,0,0,0
2020-08-14,0,0,0
2020-08-15,0,0,0
2020-08-16,0,0,0
2020-08-17,0,0,0
2020-08-18,0,0,0
2020-08-19,0,0,0
2020-08-20,0,0,0
2020-08-21,0,0,0
2020-08-22,0,0,0
2020-08-23,0,0,0
2020-08-24,0,0,0
2020-08-25,0,0,0
2020-08-26,0,0,0
2020-08-27,0,0,0
2020-08-28,0,0,0
2020-08-29,0,0,0
2020-08-30,0,0,0
2020-08-31,0,0,0
2020-09-01,0,0,0
2020-09-02,0,0,0
2020-09-03,0,0,0
2020-09-04,0,0,0
2020-09-05,0,0,0
2020-09-06,0,0,0
2020-09-07,0,0,0
2020-09-08,0,0,0
2020-09-09,0,0,0
2020-09-10,0,0,0
2020-09-11,0,0,0
2020-09-12,0,0,0
2020-09-13,0,0,0
2020-09-14,0,0,0
2020-09-15,0,0,0
2020-09-16,0,0,0
2020-09-17,0,0,0
2020-09-18,0,0,0
2020-09-19,0,0,0
2020-09-20,0,0,0
2020-09-21,0,0,0
2020-09-22,0,0,0
2020-09-23,0,0,0
2020-09-24,0,0,0
2020-09-25,0,0,0
2020-09-26,0,0,0
2020-09-27,0,0,0
2020-09-28,0,0,0
2020-09-29,0,0,0
2020-09-30,0,0,0
2020-10-01,0,0,0
2020-10-02,0,0,0
2020-10-03,0,0,0
2020-10-04,0,0,0
2020-10-05,0,0,0
2020-10-06,0,0,0
2020-10-07,0,0,0
2020-10-08,0,0,0
2020-10-09,0,0,0
2020-10-10,0,0,0
2020-10-11,0,0,0
2020-10-12,0,0,0
2020-10-13,0,0,0
2020-10-14,0,0,0
2020-10-15,0,0,0
2020-10-16,1,1,0
2020-10-17,0,0,0
2020-10-18,2,1,1
2020-10-19,0,0,0
2020-10-20,0,0,0
2020-10-21,0,0,0
2020-10-22,0,0,0
2020-10-23,0,0,0
2020-10-24,0,0,0
2020-10-25,0,0,0
2020-10-26,0,0,0
2020-10-27,0,0,0
2020-10-28,0,0,0
2020-10-29,0,0,0
2020-10-30,0,0,0
2020-10-31,0,0,0
2020-11-01,0,0,0
2020-11-02,0,0,0
2020-11-03,0,0,0
2020-11-04,0,0,0
2020-11-05,0,0,0
2020-11-06,2,2,0
2020-11-07,0,0,0
2020-11-08,0,0,0
2020-11-09,0,0,0
2020-11-10,1,1,0
2020-11-11,0,0,0
2020-11-12,1,0,1
2020-11-13,0,0,0
2020-11-14,0,0,0
2020-11-15,0,0,0
2020-11-16,0,0,0
2020-11-17,0,0,0
2020-11-18,0,0,0
2020-11-19,0,0,0
2020-11-20,0,0,0
2020-11-21,0,0,0
2020-11-22,0,0,0
2020-11-23,0,0,0
2020-11-24,0,0,0
2020-11-25,1,0,1
2020-11-26,0,0,0
2020-11-27,0,0,0
2020-11-28,0,0,0
2020-11-29,0,0,0
2020-11-30,0,0,0
2020-12-01,0,0,0
2020-12-02,0,0,0
2020-12-03,0,0,0
2020-12-04,0,0,0
2020-12-05,0,0,0
2020-12-06,0,0,0
2020-12-07,0,0,0
2020-12-08,0,0,0
2020-12-09,0,0,0
2020-12-10,0,0,0
2020-12-11,0,0,0
2020-12-12,0,0,0
2020-12-13,0,0,0
2020-12-14,0,0,0
2020-12-15,0,0,0
2020-12-16,0,0,0
2020-12-17,0,0,0
2020-12-18,0,0,0
2020-12-19,0,0,0
2020-12-20,0,0,0
2020-12-21,1,1,0
2020-12-22,1,1,0
2020-12-23,0,0,0
2020-12-24,0,0,0
2020-12-25,0,0,0
2020-12-26,0,0,0
2020-12-27,0,0,0
2020-12-28,1,0,1
2020-12-29,0,0,0
2020-12-30,0,0,0
2020-12-31,0,0,0
2021-01-01,0,0,0
2021-01-02,0,0,0
2021-01-03,0,0,0
2021-01-04,0,0,0
2021-01-05,0,0,0
2021-01-06,1,1,0
2021-01-07,2,2,0
2021-01-08,0,0,0
2021-01-09,0,0,0
2021-01-10,0,0,0
2021-01-11,0,0,0
2021-01-12,1,0,1
2021-01-13,0,0,0
2021-01-14,1,0,1
2021-01-15,0,0,0
2021-01-16,0,0,0
2021-01-17,0,0,0
2021-01-18,0,0,0
2021-01-19,1,0,1
2021-01-20,0,0,0
2021-01-21,0,0,0
2021-01-22,0,0,0
2021-01-23,0,0,0
2021-01-24,0,0,0
2021-01-25,0,0,0
2021-01-26,0,0,0
2021-01-27,0,0,0
2021-01-28,0,0,0
2021-01-29,0,0,0
2021-01-30,0,0,0
2021-01-31,0,0,0
2021-02-01,1,0,1
2021-02-02,0,0,0
2021-02-03,0,0,0
2021-02-04,0,0,0
2021-02-05,0,0,0
2021-02-06,0,0,0
2021-02-07,0,0,0
2021-02-08,1,1,0
2021-02-09,0,0,0
2021-02-10,0,0,0
2021-02-11,1,1,0
2021-02-12,0,0,0
2021-02-13,0,0,0
2021-02-14,0,0,0
2021-02-15,1,1,0
2021-02-16,0,0,0
2021-02-17,0,0,0
2021-02-18,0,0,0
2021-02-19,0,0,0
2021-02-20,0,0,0
2021-02-21,0,0,0
2021-02-22,0,0,0
2021-02-23,0,0,0
2021-02-24,0,0,0
2021-02-25,0,0,0
2021-02-26,0,0,0
2021-02-27,0,0,0
2021-02-28,0,0,0
2021-03-01,0,0,0
2021-03-02,1,0,1
2021-03-03,0,0,0
2021-03-04,0,0,0
2021-03-05,0,0,0
2021-03-06,0,0,0
2021-03-07,0,0,0
2021-03-08,0,0,0
2021-03-09,0,0,0
2021-03-10,0,0,0
2021-03-11,0,0,0
2021-03-12,0,0,0
2021-03-13,0,0,0
2021-03-14,0,0,0
2021-03-15,1,1,0
2021-03-16,0,0,0
2021-03-17,0,0,0
2021-03-18,0,0,0
2021-03-19,0,0,0
2021-03-20,0,0,0
2021-03-21,0,0,0
2021-03-22,0,0,0
2021-03-23,0,0,0
2021-03-24,0,0,0
2021-03-25,0,0,0
2021-03-26,0,0,0
2021-03-27,0,0,0
2021-03-28,0,0,0
2021-03-29,1,1,0
2021-03-30,0,0,0
2021-03-31,0,0,0
2021-04-01,0,0,0
2021-04-02,0,0,0
2021-04-03,0,0,0
2021-04-04,0,0,0
2021-04-05,1,1,0
2021-04-06,0,0,0
2021-04-07,0,0,0
2021-04-08,0,0,0
2021-04-09,0,0,0
2021-04-10,0,0,0
2021-04-11,0,0,0
2021-04-12,0,0,0
2021-04-13,0,0,0
2021-04-14,0,0,0
2021-04-15,0,0,0
2021-04-16,0,0,0
2021-04-17,0,0,0
2021-04-18,0,0,0
2021-04-19,0,0,0
2021-04-20,0,0,0
2021-04-21,0,0,0
2021-04-22,0,0,0
2021-04-23,0,0,0
2021-04-24,0,0,0
2021-04-25,0,0,0
2021-04-26,0,0,0
2021-04-27,0,0,0
2021-04-28,0,0,0
2021-04-29,0,0,0
2021-04-30,0,0,0
2021-05-01,0,0,0
2021-05-02,0,0,0
2021-05-03,0,0,0
2021-05-04,0,0,0
2021-05-05,0,0,0
2021-05-06,0,0,0
2021-05-07,1,1,0
2021-05-08,0,0,0
2021-05-09,0,0,0
2021-05-10,0,0,0
2021-05-11,0,0,0
2021-05-12,0,0,0
2021-05-13,0,0,0
2021-05-14,0,0,0
2021-05-15,0,0,0
2021-05-16,0,0,0
2021-05-17,0,0,0
2021-05-18,0,0,0
2021-05-19,0,0,0
2021-05-20,0,0,0
2021-05-21,0,0,0
2021-05-22,0,0,0
2021-05-23,0,0,0
2021-05-24,0,0,0
2021-05-25,0,0,0
2021-05-26,0,0,0
2021-05-27,0,0,0
2021-05-28,0,0,0
2021-05-29,0,0,0
2021-05-30,0,0,0
2021-05-31,0,0,0
2021-06-01,0,0,0
2021-06-02,0,0,0
2021-06-03,0,0,0
2021-06-04,0,0,0
2021-06-05,0,0,0
2021-06-06,0,0,0
2021-06-07,0,0,0
2021-06-08,0,0,0
2021-06-09,0,0,0
2021-06-10,0,0,0
2021-06-11,0,0,0
2021-06-12,0,0,0
2021-06-13,0,0,0
2021-06-14,0,0,0
2021-06-15,0,0,0
2021-06-16,0,0,0
2021-06-17,0,0,0
2021-06-18,0,0,0
2021-06-19,0,0,0
2021-06-20,0,0,0
2021-06-21,0,0,0
2021-06-22,0,0,0
2021-06-23,0,0,0
2021-06-24,0,0,0
2021-06-25,0,0,0
2021-06-26,0,0,0
2021-06-27,0,0,0
2021-06-28,0,0,0
2021-06-29,0,0,0
2021-06-30,0,0,0
2021-07-01,0,0,0
2021-07-02,0,0,0
2021-07-03,0,0,0
2021-07-04,0,0,0
2021-07-05,0,0,0
2021-07-06,0,0,0
2021-07-07,0,0,0
2021-07-08,0,0,0
2021-07-09,0,0,0
2021-07-10,0,0,0
2021-07-11,0,0,0
2021-07-12,0,0,0
2021-07-13,0,0,0
2021-07-14,0,0,0
2021-07-15,0,0,0
2021-07-16,0,0,0
2021-07-17,0,0,0
2021-07-18,0,0,0
2021-07-19,0,0,0
2021-07-20,0,0,0
2021-07-21,0,0,0
2021-07-22,0,0,0
2021-07-23,0,0,0
2021-07-24,0,0,0
2021-07-25,0,0,0
2021-07-26,0,0,0
2021-07-27,0,0,0
2021-07-28,0,0,0
2021-07-29,0,0,0
2021-07-30,0,0,0
2021-07-31,0,0,0
2021-08-01,0,0,0
2021-08-02,0,0,0
2021-08-03,0,0,0
2021-08-04,0,0,0
2021-08-05,0,0,0
2021-08-06,0,0,0
2021-08-07,0,0,0
2021-08-08,0,0,0
2021-08-09,0,0,0
2021-08-10,0,0,0
2021-08-11,0,0,0
2021-08-12,0,0,0
2021-08-13,0,0,0
2021-08-14,0,0,0
2021-08-15,0,0,0
2021-08-16,0,0,0
2021-08-17,0,0,0
2021-08-18,0,0,0
2021-08-19,0,0,0
2021-08-20,0,0,0
2021-08-21,0,0,0
2021-08-22,0,0,0
2021-08-23,0,0,0
2021-08-24,0,0,0
2021-08-25,0,0,0
2021-08-26,0,0,0
2021-08-27,0,0,0
2021-08-28,0,0,0
2021-08-29,0,0,0
2021-08-30,0,0,0
2021-08-31,0,0,0
2021-09-01,0,0,0
2021-09-02,0,0,0
2021-09-03,0,0,0
2021-09-04,0,0,0
2021-09-05,0,0,0
2021-09-06,0,0,0
2021-09-07,0,0,0
2021-09-08,0,0,0
2021-09-09,0,0,0
2021-09-10,0,0,0
2021-09-11,0,0,0
2021-09-12,0,0,0
2021-09-13,0,0,0
2021-09-14,0,0,0
2021-09-15,0,0,0
2021-09-16,0,0,0
2021-09-17,0,0,0
2021-09-18,0,0,0
2021-09-19,0,0,0
2021-09-20,0,0,0
2021-09-21,0,0,0
2021-09-22,0,0,0
2021-09-23,0,0,0
2021-09-24,0,0,0
2021-09-25,0,0,0
2021-09-26,0,0,0
2021-09-27,0,0,0
2021-09-28,0,0,0
2021-09-29,0,0,0
2021-09-30,0,0,0
2021-10-01,0,0,0
2021-10-02,0,0,0
2021-10-03,0,0,0
2021-10-04,0,0,0
2021-10-05,0,0,0
2021-10-06,0,0,0
2021-10-07,0,0,0
2021-10-08,0,0,0
2021-10-09,0,0,0
2021-10-10,0,0,0
2021-10-11,0,0,0
2021-10-12,0,0,0
2021-10-13,0,0,0
2021-10-14,0,0,0
2021-10-15,0,0,0
2021-10-16,0,0,0
2021-10-17,0,0,0
2021-10-18,0,0,0
2021-10-19,0,0,0
2021-10-20,0,0,0
2021-10-21,0,0,0
2021-10-22,0,0,0
2021-10-23,0,0,0
2021-10-24,0,0,0
2021-10-25,0,0,0
2021-10-26,0,0,0
2021-10-27,0,0,0
2021-10-28,0,0,0
2021-10-29,0,0,0
2021-10-30,1,0,1
2021-10-31,0,0,0
2021-11-01,0,0,0
2021-11-02,1,0,1
2021-11-03,0,0,0
2021-11-04,1,0,1
2021-11-05,0,0,0
2021-11-06,1,1,0
2021-11-07,0,0,0
2021-11-08,0,0,0
2021-11-09,1,0,1
2021-11-10,0,0,0
2021-11-11,0,0,0
2021-11-12,0,0,0
2021-11-13,1,1,0
2021-11-14,0,0,0
2021-11-15,1,1,0
2021-11-16,0,0,0
2021-11-17,0,0,0
2021-11-18,0,0,0
2021-11-19,0,0,0
2021-11-20,0,0,0
2021-11-21,0,0,0
2021-11-22,0,0,0
2021-11-23,0,0,0
2021-11-24,0,0,0
2021-11-25,0,0,0
2021-11-26,0,0,0
2021-11-27,0,0,0
2021-11-28,0,0,0
2021-11-29,0,0,0
2021-11-30,0,0,0
2021-12-01,0,0,0
2021-12-02,0,0,0
2021-12-03,0,0,0
2021-12-04,0,0,0
2021-12-05,0,0,0
2021-12-06,0,0,0
2021-12-07,0,0,0
2021-12-08,0,0,0
2021-12-09,0,0,0
2021-12-10,0,0,0
2021-12-11,0,0,0
2021-12-12,0,0,0
2021-12-13,0,0,0
2021-12-14,3,2,1
2021-12-15,0,0,0
2021-12-16,0,0,0
2021-12-17,1,1,0
2021-12-18,0,0,0
2021-12-19,0,0,0
2021-12-20,0,0,0
2021-12-21,0,0,0
2021-12-22,0,0,0
2021-12-23,0,0,0
2021-12-24,0,0,0
2021-12-25,0,0,0
2021-12-26,0,0,0
2021-12-27,0,0,0
2021-12-28,1,1,0
2021-12-29,0,0,0
2021-12-30,0,0,0
2021-12-31,0,0,0
2022-01-01,0,0,0
2022-01-02,0,0,0
2022-01-03,0,0,0
2022-01-04,0,0,0
2022-01-05,0,0,0
2022-01-06,0,0,0
2022-01-07,0,0,0
2022-01-08,0,0,0
2022-01-09,0,0,0
2022-01-10,0,0,0
2022-01-11,1,1,0
2022-01-12,0,0,0
2022-01-13,0,0,0
2022-01-14,0,0,0
2022-01-15,0,0,0
2022-01-16,0,0,0
2022-01-17,0,0,0
2022-01-18,0,0,0
2022-01-19,0,0,0
2022-01-20,0,0,0
2022-01-21,0,0,0
2022-01-22,0,0,0
2022-01-23,0,0,0
2022-01-24,0,0,0
2022-01-25,0,0,0
2022-01-26,0,0,0
2022-01-27,0,0,0
2022-01-28,0,0,0
2022-01-29,0,0,0
2022-01-30,0,0,0
2022-01-31,0,0,0
2022-02-01,0,0,0
2022-02-02,0,0,0
2022-02-03,0,0,0
2022-02-04,0,0,0
2022-02-05,0,0,0
2022-02-06,0,0,0
2022-02-07,0,0,0
2022-02-08,0,0,0
2022-02-09,0,0,0
2022-02-10,0,0,0
2022-02-11,0,0,0
2022-02-12,0,0,0
2022-02-13,0,0,0
2022-02-14,0,0,0
2022-02-15,0,0,0
2022-02-16,0,0,0
2022-02-17,0,0,0
2022-02-18,0,0,0
2022-02-19,0,0,0
2022-02-20,0,0,0
2022-02-21,0,0,0
2022-02-22,0,0,0
2022-02-23,0,0,0
2022-02-24,1,0,1
2022-02-25,0,0,0
2022-02-26,0,0,0
2022-02-27,0,0,0
2022-02-28,0,0,0
2022-03-01,0,0,0
2022-03-02,0,0,0
2022-03-03,0,0,0
2022-03-04,0,0,0
2022-03-05,0,0,0
2022-03-06,0,0,0
2022-03-07,0,0,0
2022-03-08,0,0,0
2022-03-09,0,0,0
2022-03-10,0,0,0
2022-03-11,0,0,0
2022-03-12,0,0,0
2022-03-13,0,0,0
2022-03-14,0,0,0
2022-03-15,0,0,0
2022-03-16,0,0,0
2022-03-17,0,0,0
2022-03-18,0,0,0
2022-03-19,0,0,0
2022-03-20,0,0,0
2022-03-21,0,0,0
2022-03-22,0,0,0
2022-03-23,0,0,0
2022-03-24,0,0,0
2022-03-25,0,0,0
2022-03-26,0,0,0
2022-03-27,0,0,0
2022-03-28,0,0,0
2022-03-29,0,0,0
2022-03-30,0,0,0
2022-03-31,0,0,0
2022-04-01,0,0,0
2022-04-02,0,0,0
2022-04-03,0,0,0
2022-04-04,0,0,0
2022-04-05,0,0,0
2022-04-06,0,0,0
2022-04-07,0,0,0
2022-04-08,0,0,0
2022-04-09,0,0,0
2022-04-10,0,0,0
2022-04-11,0,0,0
2022-04-12,1,0,1
2022-04-13,0,0,0
2022-04-14,0,0,0
2022-04-15,0,0,0
2022-04-16,0,0,0
2022-04-17,0,0,0
2022-04-18,0,0,0
2022-04-19,0,0,0
2022-04-20,0,0,0
2022-04-21,0,0,0
2022-04-22,0,0,0
2022-04-23,0,0,0
2022-04-24,0,0,0
2022-04-25,0,0,0
2022-04-26,0,0,0
2022-04-27,0,0,0
2022-04-28,0,0,0
2022-04-29,0,0,0
2022-04-30,0,0,0
2022-05-01,0,0,0
2022-05-02,0,0,0
2022-05-03,0,0,0
2022-05-04,0,0,0
2022-05-05,0,0,0
2022-05-06,0,0,0
2022-05-07,0,0,0
2022-05-08,0,0,0
2022-05-09,0,0,0
2022-05-10,0,0,0
2022-05-11,0,0,0
2022-05-12,0,0,0
2022-05-13,0,0,0
2022-05-14,0,0,0
2022-05-15,0,0,0
2022-05-16,0,0,0
2022-05-17,0,0,0
2022-05-18,0,0,0
2022-05-19,0,0,0
2022-05-20,0,0,0
2022-05-21,0,0,0
2022-05-22,0,0,0
2022-05-23,0,0,0
2022-05-24,0,0,0
2022-05-25,0,0,0
2022-05-26,0,0,0
2022-05-27,0,0,0
2022-05-28,0,0,0
2022-05-29,0,0,0
2022-05-30,0,0,0
2022-05-31,0,0,0
2022-06-01,0,0,0
2022-06-02,0,0,0
2022-06-03,0,0,0
2022-06-04,0,0,0
2022-06-05,0,0,0
2022-06-06,0,0,0
2022-06-07,0,0,0
2022-06-08,0,0,0
2022-06-09,0,0,0
2022-06-10,0,0,0
2022-06-11,0,0,0
2022-06-12,0,0,0
2022-06-13,0,0,0
2022-06-14,0,0,0
2022-06-15,0,0,0
2022-06-16,0,0,0
2022-06-17,0,0,0
2022-06-18,0,0,0
2022-06-19,0,0,0
2022-06-20,0,0,0
2022-06-21,0,0,0
2022-06-22,0,0,0
2022-06-23,0,0,0
2022-06-24,0,0,0
2022-06-25,0,0,0
2022-06-26,1,1,0
2022-06-27,0,0,0
2022-06-28,0,0,0
2022-06-29,0,0,0
2022-06-30,0,0,0
2022-07-01,0,0,0
2022-07-02,0,0,0
2022-07-03,0,0,0
2022-07-04,0,0,0
2022-07-05,0,0,0
2022-07-06,0,0,0
2022-07-07,0,0,0
2022-07-08,0,0,0
2022-07-09,0,0,0
2022-07-10,0,0,0
2022-07-11,1,1,0
2022-07-12,0,0,0
2022-07-13,0,0,0
2022-07-14,0,0,0
2022-07-15,0,0,0
2022-07-16,0,0,0
2022-07-17,0,0,0
2022-07-18,0,0,0
2022-07-19,2,1,1
2022-07-20,0,0,0
2022-07-21,0,0,0
2022-07-22,0,0,0
2022-07-23,0,0,0
2022-07-24,0,0,0
2022-07-25,0,0,0
2022-07-26,1,1,0
2022-07-27,0,0,0
2022-07-28,1,1,0
2022-07-29,0,0,0
2022-07-30,1,1,0
2022-07-31,2,2,0
2022-08-01,0,0,0
2022-08-02,2,2,0
2022-08-03,0,0,0
2022-08-04,1,1,0
2022-08-05,3,3,0
2022-08-06,0,0,0
2022-08-07,0,0,0
2022-08-08,2,2,0
2022-08-09,0,0,0
2022-08-10,2,2,0
2022-08-11,0,0,0
2022-08-12,0,0,0
2022-08-13,1,1,0
2022-08-14,0,0,0
2022-08-15,0,0,0
2022-08-16,1,1,0
2022-08-17,0,0,0
2022-08-18,0,0,0
2022-08-19,0,0,0
2022-08-20,1,1,0
2022-08-21,1,1,0
2022-08-22,1,1,0
2022-08-23,0,0,0
2022-08-24,1,1,0
2022-08-25,0,0,0
2022-08-26,0,0,0
2022-08-27,0,0,0
2022-08-28,0,0,0
2022-08-29,0,0,0
2022-08-30,0,0,0
2022-08-31,0,0,0
2022-09-01,0,0,0
2022-09-02,0,0,0
2022-09-03,0,0,0
2022-09-04,0,0,0
2022-09-05,1,1,0
2022-09-06,0,0,0
2022-09-07,0,0,0
2022-09-08,1,1,0
2022-09-09,0,0,0
2022-09-10,0,0,0
2022-09-11,0,0,0
2022-09-12,0,0,0
2022-09-13,0,0,0
2022-09-14,0,0,0
2022-09-15,0,0,0
2022-09-16,0,0,0
2022-09-17,0,0,0
2022-09-18,0,0,0
2022-09-19,0,0,0
2022-09-20,0,0,0
2022-09-21,6,6,0
2022-09-22,0,0,0
2022-09-23,0,0,0
2022-09-24,0,0,0
2022-09-25,0,0,0
2022-09-26,0,0,0
2022-09-27,0,0,0
2022-09-28,0,0,0
2022-09-29,0,0,0
2022-09-30,0,0,0
2022-10-01,0,0,0
2022-10-02,0,0,0
2022-10-03,0,0,0
2022-10-04,0,0,0
2022-10-05,0,0,0
2022-10-06,1,1,0
2022-10-07,0,0,0
2022-10-08,0,0,0
2022-10-09,0,0,0
2022-10-10,0,0,0
2022-10-11,1,1,0
2022-10-12,2,1,1
2022-10-13,0,0,0
2022-10-14,0,0,0
2022-10-15,0,0,0
2022-10-16,2,1,1
2022-10-17,1,1,0
2022-10-18,0,0,0
2022-10-19,0,0,0
2022-10-20,0,0,0
2022-10-21,0,0,0
2022-10-22,1,1,0
2022-10-23,0,0,0
2022-10-24,6,6,0
2022-10-25,1,1,0
2022-10-26,6,6,0
2022-10-27,2,2,0
2022-10-28,2,2,0
2022-10-29,1,1,0
2022-10-30,0,0,0
2022-10-31,2,2,0
2022-11-01,0,0,0
2022-11-02,1,1,0
2022-11-03,1,1,0
2022-11-04,0,0,0
2022-11-05,0,0,0
2022-11-06,0,0,0
2022-11-07,1,1,0
2022-11-08,0,0,0
2022-11-09,0,0,0
2022-11-10,0,0,0
2022-11-11,0,0,0
2022-11-12,0,0,0
2022-11-13,0,0,0
2022-11-14,0,0,0
2022-11-15,2,2,0
2022-11-16,0,0,0
2022-11-17,1,1,0
2022-11-18,0,0,0
2022-11-19,0,0,0
2022-11-20,0,0,0
2022-11-21,2,2,0
2022-11-22,2,2,0
2022-11-23,1,1,0
2022-11-24,0,0,0
2022-11-25,0,0,0
2022-11-26,2,2,0
2022-11-27,0,0,0
2022-11-28,0,0,0
2022-11-29,0,0,0
2022-11-30,2,2,0
2022-12-01,3,3,0
2022-12-02,1,1,0
2022-12-03,1,1,0
2022-12-04,0,0,0
2022-12-05,5,5,0
2022-12-06,3,3,0
2022-12-07,2,2,0
2022-12-08,7,7,0
2022-12-09,7,7,0
2022-12-10,11,11,0
2022-12-11,5,5,0
2022-12-12,26,26,0
2022-12-13,20,20,0
2022-12-14,18,18,0
2022-12-15,20,20,0
2022-12-16,25,24,1
2022-12-17,14,14,0
2022-12-18,7,7,0
2022-12-19,53,53,0
2022-12-20,51,51,0
2022-12-21,55,55,0
2022-12-22,64,64,0
2022-12-23,68,68,0
2022-12-24,46,46,0
2022-12-25,24,24,0
2022-12-26,138,138,0
2022-12-27,118,113,5
2022-12-28,79,79,0
2022-12-29,82,82,0
2022-12-30,51,51,0
2022-12-31,41,41,0
2023-01-01,30,30,0
2023-01-02,29,29,0
2023-01-03,38,37,1
2023-01-04,123,122,1
2023-01-05,100,97,3
2023-01-06,123,121,2
2023-01-07,89,88,1
2023-01-08,49,49,0
2023-01-09,39,39,0
2023-01-10,177,176,1
2023-01-11,108,108,0
2023-01-12,117,115,2
2023-01-13,109,108,1
2023-01-14,68,67,1
2023-01-15,53,52,1
2023-01-16,173,171,2
2023-01-17,115,111,4
2023-01-18,63,62,1
2023-01-19,77,75,2
2023-01-20,96,95,1
2023-01-21,63,62,1
2023-01-22,43,43,0
2023-01-23,187,185,2
2023-01-24,140,139,1
2023-01-25,98,98,0
2023-01-26,112,112,0
2023-01-27,116,115,1
2023-01-28,87,86,1
2023-01-29,56,56,0
2023-01-30,221,220,1
2023-01-31,150,145,5
2023-02-01,100,97,3
2023-02-02,117,113,4
2023-02-03,124,120,4
2023-02-04,104,103,1
